datadate,fyearq,tic,conm,fic,curcdq,datacqtr,cogsq,niq,nopiq,piq,revtq,saleq,txtq,xoprq,cshtrq,actq,altoq,ancq,dlttq,invtq,Unemp_rate,Healthcare_spend_per_capita,lastprccq,prccq,Per_change_in_Stock
31-03-2014,2014,BMY,BRISTOL-MYERS SQUIBB CO,USA,USD,2014Q1,706,937,433,985,3811,3811,49,2736,570898032,14014,2113,19410,7367,1655,6.17,8939.3965,53,51.95,-0.066217517
30-06-2014,2014,BMY,BRISTOL-MYERS SQUIBB CO,USA,USD,2014Q2,743,333,205,448,3889,3889,114,2984,570029502,14062,2185,19441,7372,1666,6.17,8939.3965,51.95,48.51,0.055040198
30-09-2014,2014,BMY,BRISTOL-MYERS SQUIBB CO,USA,USD,2014Q3,763,721,441,1008,3921,3921,276,2848,363631112,14177,1776,19273,7267,1565,6.17,8939.3965,48.51,51.18,0.153380227
31-12-2014,2014,BMY,BRISTOL-MYERS SQUIBB CO,USA,USD,2014Q4,740,13,101,-60,4258,4258,-87,3292,430058748,14608,1500,19141,7242,1560,6.17,8939.3965,51.18,59.03,0.092664747
31-03-2015,2015,BMY,BRISTOL-MYERS SQUIBB CO,USA,USD,2015Q1,628,1186,368,1448,4041,4041,249,2672,396831819,14925,1287,18654,7127,1437,5.28,9392.0664,59.03,64.5,0.031627907
30-06-2015,2015,BMY,BRISTOL-MYERS SQUIBB CO,USA,USD,2015Q2,819,-130,187,52,4163,4163,162,3805,426311091,13056,1300,18898,6615,1304,5.28,9392.0664,64.5,66.54,-0.110309588
30-09-2015,2015,BMY,BRISTOL-MYERS SQUIBB CO,USA,USD,2015Q3,903,706,336,987,4069,4069,257,3194,454534450,12926,1413,18853,6632,1130,5.28,9392.0664,66.54,59.2,0.161993243
31-12-2015,2015,BMY,BRISTOL-MYERS SQUIBB CO,USA,USD,2015Q4,792,-197,-25,-410,4287,4287,-222,4031,375376886,10415,3901,21333,6550,1221,5.28,9392.0664,59.2,68.79,-0.071376654
31-03-2016,2016,BMY,BRISTOL-MYERS SQUIBB CO,USA,USD,2016Q1,901,1195,364,1655,4391,4391,449,3092,453495920,11215,4236,20677,6593,1336,4.87,9775,68.79,63.88,0.151377583
30-06-2016,2016,BMY,BRISTOL-MYERS SQUIBB CO,USA,USD,2016Q2,1051,1166,309,1615,4871,4871,427,3542,380737574,12298,4367,20533,6581,1437,4.87,9775,63.88,73.55,-0.26689327
30-09-2016,2016,BMY,BRISTOL-MYERS SQUIBB CO,USA,USD,2016Q3,1137,1202,301,1559,4922,4922,344,3405,740732381,13204,4446,20523,5836,1482,4.87,9775,73.55,53.92,0.083827893
31-12-2016,2016,BMY,BRISTOL-MYERS SQUIBB CO,USA,USD,2016Q4,1210,894,224,1086,5243,5243,188,4015,735951407,13704,4020,20003,5716,1241,4.87,9775,53.92,58.44,-0.069472964
31-03-2017,2017,BMY,BRISTOL-MYERS SQUIBB CO,USA,USD,2017Q1,1052,1574,280,1955,4929,4929,429,3293,823670656,13615,3466,19322,7237,1384,4.36,10103.0918,58.44,54.38,0.024641412
30-06-2017,2017,BMY,BRISTOL-MYERS SQUIBB CO,USA,USD,2017Q2,1209,916,761,1295,5144,5144,373,3979,517679973,14324,3392,19085,6911,1217,4.36,10103.0918,54.38,55.72,0.143933955
30-09-2017,2017,BMY,BRISTOL-MYERS SQUIBB CO,USA,USD,2017Q3,1370,845,313,1183,5254,5254,327,4030,388959102,15048,3221,18929,6982,1250,4.36,10103.0918,55.72,63.74,-0.038594289
31-12-2017,2017,BMY,BRISTOL-MYERS SQUIBB CO,USA,USD,2017Q4,1442,-2328,333,698,5449,5449,3027,4545,329402417,14854,2925,18697,6975,1166,4.36,10103.0918,63.74,61.28,0.03214752
31-03-2018,2018,BMY,BRISTOL-MYERS SQUIBB CO,USA,USD,2018Q1,1422,1486,466,1779,5193,5193,284,3632,462467953,14649,2896,18434,5775,1231,3.9,10515.3232,61.28,63.25,-0.125059289
30-06-2018,2018,BMY,BRISTOL-MYERS SQUIBB CO,USA,USD,2018Q2,1438,373,85,517,5704,5704,135,4985,579065544,13874,3518,18767,5671,1242,3.9,10515.3232,63.25,55.34,0.121792555
30-09-2018,2018,BMY,BRISTOL-MYERS SQUIBB CO,USA,USD,2018Q3,1454,1901,608,2167,5691,5691,255,3820,330828354,14869,3661,18865,5687,1282,3.9,10515.3232,55.34,62.08,-0.162693299
31-12-2018,2018,BMY,BRISTOL-MYERS SQUIBB CO,USA,USD,2018Q4,1489,1160,81,1505,5973,5973,347,4183,579747832,17160,3075,17826,5646,1195,3.9,10515.3232,62.08,51.98,-0.08214698
31-03-2019,2019,BMY,BRISTOL-MYERS SQUIBB CO,USA,USD,2019Q1,1650,1710,506,1979,5920,5920,264,3952,1232205835,17093,3100,17741,6164,1283,3.67,10921.0127,51.98,47.71,-0.049465521
30-06-2019,2019,BMY,BRISTOL-MYERS SQUIBB CO,USA,USD,2019Q2,1799,1432,442,1776,6273,6273,337,4181,931020659,37716,3234,17447,24949,1308,3.67,10921.0127,47.71,45.35,0.118191841
30-09-2019,2019,BMY,BRISTOL-MYERS SQUIBB CO,USA,USD,2019Q3,1615,1353,-89,1349,6007,6007,-17,4028,749903448,40191,3162,17242,24894,1192,3.67,10921.0127,45.35,50.71,0.265825281
31-12-2019,2019,BMY,BRISTOL-MYERS SQUIBB CO,USA,USD,2019Q4,1606,-1056,832,-129,7945,7945,931,5437,1119833043,29354,3005,100590,44059,4293,3.67,10921.0127,50.71,64.19,-0.131640442
31-03-2014,2014,GSK,GSK PLC,GBR,USD,2014Q1,2868.1,1113.89,-41.687,1505.753,9476.403,9476.403,306.82,7493.745,144723659,22086.038,4880.773,44125.385,25649.484,6825.077,6.17,8939.3965,53,53.43,0.000935804
30-06-2014,2014,GSK,GSK PLC,GBR,USD,2014Q2,2937.337,1147.391,197.343,1725.382,9879.615,9879.615,493.694,7864.834,157140217,23182.407,5044.265,43270.518,24814.224,7031.866,6.17,8939.3965,53.43,53.48,-0.140426328
30-09-2014,2014,GSK,GSK PLC,GBR,USD,2014Q3,2593.279,533.425,-616.304,721.679,8320.168,8320.168,222.968,6068.041,272346023,24104.542,5052.53,41266.924,22090.018,6932.428,6.17,8939.3965,53.48,45.97,-0.070263215
31-12-2014,2014,GSK,GSK PLC,GBR,USD,2014Q4,2691.262,1498.591,722.358,670.736,8645.479,8645.479,-810.064,6344.28,293618040,22865.388,4332.242,40460.74,24677.11,6591.052,6.17,8939.3965,45.97,42.74,0.079784745
31-03-2015,2015,GSK,GSK PLC,GBR,USD,2015Q1,2892.78,12012.165,313.335,14735.655,8463.015,8463.015,2799.225,7171.065,233961700,30983.04,5023.755,55141.02,22603.185,6798.33,5.28,9392.0664,42.74,46.15,-0.097508126
30-06-2015,2015,GSK,GSK PLC,GBR,USD,2015Q2,3236.031,943.738,64.114,1109.298,9857.367,9857.367,223.505,8040.089,240357199,28491.033,5104.984,56620.346,23112.4,7544.242,5.28,9392.0664,46.15,41.65,-0.076830732
30-09-2015,2015,GSK,GSK PLC,GBR,USD,2015Q3,2918.115,309.899,162.193,694.974,8699.468,8699.468,215.117,6607.281,246322625,25668.48,5101.65,54627.712,22837.252,7337.306,5.28,9392.0664,41.65,38.45,0.049414824
31-12-2015,2015,GSK,GSK PLC,GBR,USD,2015Q4,3177.508,-846.721,5.96,-1018.287,8742.149,8742.149,-61.558,7310.813,226739880,24459.19,4664.16,54352.282,22596.77,6954.214,5.28,9392.0664,38.45,40.35,0.004956629
31-03-2016,2016,GSK,GSK PLC,GBR,USD,2016Q1,2998.439,405.544,445.811,805.336,9088.792,9088.792,299.125,7117.157,240637517,22763.685,5906.277,55582.565,22648.637,7388.958,4.87,9775,40.35,40.55,0.068803946
30-06-2016,2016,GSK,GSK PLC,GBR,USD,2016Q2,2511.557,-608.147,-1695.856,-484.88,8039.735,8039.735,206.719,5993.748,229233658,22352.496,6030.407,53957.177,19992.772,7275.155,4.87,9775,40.55,43.34,-0.004845408
30-09-2016,2016,GSK,GSK PLC,GBR,USD,2016Q3,3105.934,1055.086,-17.616,1652.617,9661.55,9661.55,497.612,7048.029,179424650,22922.018,6072.799,53589.263,20044.402,6992.96,4.87,9775,43.34,43.13,-0.107118015
31-12-2016,2016,GSK,GSK PLC,GBR,USD,2016Q4,2478.734,272.651,-170.834,419.071,8107.595,8107.595,78.499,6136.148,245255750,20616.361,5782.352,52271.869,18087.276,6294.336,4.87,9775,43.13,38.51,0.094780576
31-03-2017,2017,GSK,GSK PLC,GBR,USD,2017Q1,3020.163,1311.37,342.261,1943.235,9360.124,9360.124,409.96,7220.058,205148516,21045.862,7018.213,53217.058,18304.019,6791.292,4.36,10103.0918,38.51,42.16,0.022770398
30-06-2017,2017,GSK,GSK PLC,GBR,USD,2017Q2,3260.321,-186.003,96.97,-160.321,9981.634,9981.634,-104.578,7824.254,185414963,21345.587,7216.124,54328.197,15930.57,7463.028,4.36,10103.0918,42.16,43.12,-0.058441558
30-09-2017,2017,GSK,GSK PLC,GBR,USD,2017Q3,3527.1,1659.569,-14.388,2348.923,11260.369,11260.369,433.069,8166.612,181222374,23662.571,7629.759,55118.406,19156.819,7586.872,4.36,10103.0918,43.12,40.6,-0.12635468
31-12-2017,2017,GSK,GSK PLC,GBR,USD,2017Q4,3446.777,-712.293,-719.773,637.137,10718.144,10718.144,1096.083,8492.934,333097131,21520.58,5874.291,54757.275,19297.766,7518.065,4.36,10103.0918,40.6,35.47,0.10149422
31-03-2018,2018,GSK,GSK PLC,GBR,USD,2018Q1,3293.54,770.082,22.443,1552.789,10204.643,10204.643,488.14,7772.361,257205904,23036.542,7063.997,55737.687,19658.84,7937.879,3.9,10515.3232,35.47,39.07,0.031737906
30-06-2018,2018,GSK,GSK PLC,GBR,USD,2018Q2,2722.061,536.223,91.035,718.071,9136.588,9136.588,154.457,6841.102,161363738,22489.558,7160.927,53559.825,32449.144,7841.788,3.9,10515.3232,39.07,40.31,-0.003473084
30-09-2018,2018,GSK,GSK PLC,GBR,USD,2018Q3,3280.978,1835.172,155.27,2198.7,10461.051,10461.051,244.531,7491.679,149931151,22723.523,7224.875,53731.256,32364.517,7551.025,3.9,10515.3232,40.31,40.17,-0.048792631
31-12-2018,2018,GSK,GSK PLC,GBR,USD,2018Q4,3190.972,1476.037,209.19,1648.039,9860.158,9860.158,73.844,7516.787,222913996,21573.463,6010.543,52431.654,25835.39,6979.162,3.9,10515.3232,40.17,38.21,0.093692751
31-03-2019,2019,GSK,GSK PLC,GBR,USD,2019Q1,3115.102,1080.909,-110.696,1686.479,10071.988,10071.988,403.713,7598.921,176136909,22821.505,6613.079,58396.435,30400.891,7394.459,3.67,10921.0127,38.21,41.79,-0.04235463
30-06-2019,2019,GSK,GSK PLC,GBR,USD,2019Q2,3024.133,1198.906,183.131,1565.498,9779.179,9779.179,262.186,7480.392,149749686,23164.142,6540.807,57699.404,29626.161,7572.697,3.67,10921.0127,41.79,40.02,0.066466767
30-09-2019,2019,GSK,GSK PLC,GBR,USD,2019Q3,3661.405,1835.765,419.565,2295.323,11051.353,11051.353,267.671,8305.447,151105143,25817.7,6307.44,76573.65,30544.59,8334.48,3.67,10921.0127,40.02,42.68,0.100984067
31-12-2019,2019,GSK,GSK PLC,GBR,USD,2019Q4,5039.262,2036.258,481.434,2691.792,14266.142,14266.142,328.583,12015.128,167204824,25813.88,5729.354,79730.205,31242.596,7876.207,3.67,10921.0127,42.68,46.99,-0.193658225
31-03-2014,2014,JNJ,JOHNSON & JOHNSON,USA,USD,2014Q1,4442,4727,50,5424,18115,18115,697,11456,536438722,57369,10144,75961,13343,8009,6.17,8939.3965,90,98.23,0.06505141
30-06-2014,2014,JNJ,JOHNSON & JOHNSON,USA,USD,2014Q2,5087,4326,-24,5626,19495,19495,1300,12573,428596802,60119,9815,75081,13303,8155,6.17,8939.3965,98.23,104.62,0.018830052
30-09-2014,2014,JNJ,JOHNSON & JOHNSON,USA,USD,2014Q3,4460,4749,-63,6810,18467,18467,2061,11731,398958890,59973,8380,72124,13152,8419,6.17,8939.3965,104.62,106.59,-0.018951121
31-12-2014,2014,JNJ,JOHNSON & JOHNSON,USA,USD,2014Q4,4862,2521,120,2703,18254,18254,182,13319,533295882,59311,5949,71808,15122,8184,6.17,8939.3965,106.59,104.57,-0.037965
31-03-2015,2015,JNJ,JOHNSON & JOHNSON,USA,USD,2015Q1,4387,4320,110,5575,17374,17374,1255,11133,563600012,58192,5864,70398,14938,8085,5.28,9392.0664,104.57,100.6,-0.031212724
30-06-2015,2015,JNJ,JOHNSON & JOHNSON,USA,USD,2015Q2,4468,4516,163,5741,17787,17787,1225,11981,484999382,61001,5788,71035,14085,8298,5.28,9392.0664,100.6,97.46,-0.042171147
30-09-2015,2015,JNJ,JOHNSON & JOHNSON,USA,USD,2015Q3,4295,3358,124,4122,17102,17102,764,11530,547864040,63494,5824,69772,14073,8206,5.28,9392.0664,97.46,93.35,0.100374933
31-12-2015,2015,JNJ,JOHNSON & JOHNSON,USA,USD,2015Q4,4559,3215,1308,3758,17811,17811,543,13314,479021898,60210,8409,73201,12857,8053,5.28,9392.0664,93.35,102.72,0.05334891
31-03-2016,2016,JNJ,JOHNSON & JOHNSON,USA,USD,2016Q1,4421,4457,188,5294,17482,17482,837,11122,585521184,62738,8745,73493,20233,8170,4.87,9775,102.72,108.2,0.121072089
30-06-2016,2016,JNJ,JOHNSON & JOHNSON,USA,USD,2016Q2,4429,3997,151,4904,18482,18482,907,11869,465827664,66291,8749,73523,24535,8523,4.87,9775,108.2,121.3,-0.026133553
30-09-2016,2016,JNJ,JOHNSON & JOHNSON,USA,USD,2016Q3,4575,4272,250,5281,17820,17820,1009,11525,400822584,63319,9155,77050,23546,8488,4.87,9775,121.3,118.13,-0.02471853
31-12-2016,2016,JNJ,JOHNSON & JOHNSON,USA,USD,2016Q4,4461,3814,270,4324,18106,18106,510,12410,449442023,65032,9706,76176,22442,8144,4.87,9775,118.13,115.21,0.081069352
31-03-2017,2017,JNJ,JOHNSON & JOHNSON,USA,USD,2017Q1,4455,4422,412,5575,17766,17766,1153,11288,442727505,63347,10308,81571,27015,8878,4.36,10103.0918,115.21,124.55,0.062143717
30-06-2017,2017,JNJ,JOHNSON & JOHNSON,USA,USD,2017Q2,4629,3827,557,4748,18839,18839,921,12214,362886332,38789,10548,114018,27363,9699,4.36,10103.0918,124.55,132.29,-0.017234863
30-09-2017,2017,JNJ,JOHNSON & JOHNSON,USA,USD,2017Q3,4882,3764,676,4790,19650,19650,1026,12890,327685909,41829,10450,113829,26675,9521,4.36,10103.0918,132.29,130.01,0.074686563
31-12-2017,2017,JNJ,JOHNSON & JOHNSON,USA,USD,2017Q4,5106,-10713,916,2560,20195,20195,13273,14794,328565474,43088,11325,114215,30675,8765,4.36,10103.0918,130.01,139.72,-0.082808474
31-03-2018,2018,JNJ,JOHNSON & JOHNSON,USA,USD,2018Q1,4841,4367,113,5481,20009,20009,1114,12508,496701107,42768,11999,113857,29837,9014,3.9,10515.3232,139.72,128.15,-0.053140851
30-06-2018,2018,JNJ,JOHNSON & JOHNSON,USA,USD,2018Q2,5141,3954,544,4973,20830,20830,1019,13523,421875448,45438,11572,109927,29405,8810,3.9,10515.3232,128.15,121.34,0.13870117
30-09-2018,2018,JNJ,JOHNSON & JOHNSON,USA,USD,2018Q3,4799,3934,67,4423,20348,20348,489,12850,388287951,47194,11205,108509,29480,8678,3.9,10515.3232,121.34,138.17,-0.066005645
31-12-2018,2018,JNJ,JOHNSON & JOHNSON,USA,USD,2018Q4,5167,3042,637,3122,20394,20394,80,14382,599350321,46033,11311,106921,27684,8599,3.9,10515.3232,138.17,129.05,0.083223557
31-03-2019,2019,JNJ,JOHNSON & JOHNSON,USA,USD,2019Q1,4831,3749,275,4422,20021,20021,673,12908,427027648,41987,10285,108040,28316,9086,3.67,10921.0127,129.05,139.79,-0.00364833
30-06-2019,2019,JNJ,JOHNSON & JOHNSON,USA,USD,2019Q2,5197,5607,227,7041,20562,20562,1434,13409,427970871,41799,10457,113318,28448,9263,3.67,10921.0127,139.79,139.28,-0.071079839
30-09-2019,2019,JNJ,JOHNSON & JOHNSON,USA,USD,2019Q3,5120,1753,-86,1647,20729,20729,-106,13093,458541572,44333,10478,111188,27645,9173,3.67,10921.0127,139.28,129.38,0.127454011
31-12-2019,2019,JNJ,JOHNSON & JOHNSON,USA,USD,2019Q4,5248,4010,406,4218,20747,20747,208,14519,462802294,45274,10697,112454,27210,9020,3.67,10921.0127,129.38,145.87,-0.101048879
31-03-2014,2014,LLY,LILLY (ELI) & CO,USA,USD,2014Q1,873.9,727.9,101.8,890.8,4683.1,4683.1,162.9,3468.1,346575818,13039.3,2339,21717.6,5255.3,2969,6.17,8939.3965,54,58.86,0.056235134
30-06-2014,2014,LLY,LILLY (ELI) & CO,USA,USD,2014Q2,841.3,733.5,97.9,940.4,4935.6,4935.6,206.9,3700.6,296975864,13156.7,2441,21861.7,5301,3190.3,6.17,8939.3965,58.86,62.17,0.043107608
30-09-2014,2014,LLY,LILLY (ELI) & CO,USA,USD,2014Q3,924.6,500.6,141.4,655.5,4875.6,4875.6,154.9,3720.9,228598281,12110.5,2338.7,22538.3,5292.6,2844.5,6.17,8939.3965,62.17,64.85,0.06383963
31-12-2014,2014,LLY,LILLY (ELI) & CO,USA,USD,2014Q4,913.7,428.5,94.5,513.6,5121.3,5121.3,85.1,3899.3,288250176,12179.8,7823.3,24998.4,5367.7,2740,6.17,8939.3965,64.85,68.99,0.053051167
31-03-2015,2015,LLY,LILLY (ELI) & CO,USA,USD,2015Q1,771.7,529.5,146.5,617.9,4644.7,4644.7,88.4,3334.5,277901325,11742.7,2489.4,23911.2,7415.3,2980.2,5.28,9392.0664,68.99,72.65,0.149208534
30-06-2015,2015,LLY,LILLY (ELI) & CO,USA,USD,2015Q2,781.5,600.8,93.6,679.7,4978.7,4978.7,78.9,3586.4,319711251,12346,2701.3,23690.6,7988.6,3288.4,5.28,9392.0664,72.65,83.49,0.002395496
30-09-2015,2015,LLY,LILLY (ELI) & CO,USA,USD,2015Q3,857.5,799.7,141.8,1047.8,4959.7,4959.7,248.1,3576.6,328916196,12567,2889.6,23737.7,8069.6,3417.7,5.28,9392.0664,83.49,83.69,0.00681085
31-12-2015,2015,LLY,LILLY (ELI) & CO,USA,USD,2015Q4,1045.8,478.4,101.4,444.6,5375.6,5375.6,-33.8,4288.4,317932975,12573.6,2220.5,22995.3,7972.4,3445.8,5.28,9392.0664,83.69,84.26,-0.145383337
31-03-2016,2016,LLY,LILLY (ELI) & CO,USA,USD,2016Q1,937.5,440.1,111.7,566.8,4865.1,4865.1,126.7,3632.4,337485148,11714.6,2244.9,22977.2,7477.6,3740.2,4.87,9775,84.26,72.01,0.093598111
30-06-2016,2016,LLY,LILLY (ELI) & CO,USA,USD,2016Q2,1091.3,747.7,78.4,944.5,5404.8,5404.8,196.8,4049.8,266462421,12977.3,2149.9,23498,8685.5,3759.9,4.87,9775,72.01,78.75,0.019174603
30-09-2016,2016,LLY,LILLY (ELI) & CO,USA,USD,2016Q3,1008.1,778,85.5,970.7,5191.7,5191.7,192.7,3809.9,219450353,13385.9,2279.3,24204.4,8707.3,3881.2,4.87,9775,78.75,80.26,-0.083603289
31-12-2016,2016,LLY,LILLY (ELI) & CO,USA,USD,2016Q4,1121.4,771.8,76.4,892,5760.5,5760.5,120.2,4362.1,379658540,15101.4,1913.8,23704.5,8367.8,3561.9,4.87,9775,80.26,73.55,0.143575799
31-03-2017,2017,LLY,LILLY (ELI) & CO,USA,USD,2017Q1,950.6,-110.8,136.4,61.2,5228.3,5228.3,172,3776.6,247029330,12976.2,2020.2,24648.1,7637.5,4035.1,4.36,10103.0918,73.55,84.11,-0.021519439
30-06-2017,2017,LLY,LILLY (ELI) & CO,USA,USD,2017Q2,1160,1008,130.3,1260.5,5824.3,5824.3,252.5,4162.5,248452708,15746.5,2060.5,25200,9867.9,4346,4.36,10103.0918,84.11,82.3,0.039368165
30-09-2017,2017,LLY,LILLY (ELI) & CO,USA,USD,2017Q3,1207.9,555.6,126.8,591.6,5658,5658,36,4126.4,216683850,17428.4,2197.6,25582,9926.6,4406.9,4.36,10103.0918,82.3,85.54,-0.012625672
31-12-2017,2017,LLY,LILLY (ELI) & CO,USA,USD,2017Q4,1222.3,-1656.9,189.3,284.1,6160.7,6160.7,1941,4512.7,204118463,19202.1,2874.3,25778.9,9940.5,4458.3,4.36,10103.0918,85.54,84.46,-0.083945063
31-03-2018,2018,LLY,LILLY (ELI) & CO,USA,USD,2018Q1,741.8,1217.4,130.7,1365.7,4963.8,4963.8,198.5,3188,301130525,16261.5,5428.4,28094.1,9393.5,4631.3,3.9,10515.3232,84.46,77.37,0.102882254
30-06-2018,2018,LLY,LILLY (ELI) & CO,USA,USD,2018Q2,809.1,-259.9,135.7,41.7,5585,5585,273.3,3565.7,246425427,18332.7,5090.9,24026.5,9170.5,4155.5,3.9,10515.3232,77.37,85.33,0.257588187
30-09-2018,2018,LLY,LILLY (ELI) & CO,USA,USD,2018Q3,737.4,1149.5,58.9,1341.1,5306.9,5306.9,247.5,3475.5,225361911,20685.9,5141.5,23939.2,11674.7,4118,3.9,10515.3232,85.33,107.31,0.078371074
31-12-2018,2018,LLY,LILLY (ELI) & CO,USA,USD,2018Q4,784.4,1125,88.6,931.6,5637.6,5637.6,-189.8,3869.8,309946976,20549.6,4550.1,23358.8,11639.7,4111.8,3.9,10515.3232,107.31,115.72,0.121327342
31-03-2019,2019,LLY,LILLY (ELI) & CO,USA,USD,2019Q1,697.6,4241.6,172.5,731.1,5092.2,5092.2,170,3445.2,1035957720,12597.5,4474,25409.3,14118.4,3055.2,3.67,10921.0127,115.72,129.76,-0.146192972
30-06-2019,2019,LLY,LILLY (ELI) & CO,USA,USD,2019Q2,877.5,1327.2,78.5,1465.9,5636.7,5636.7,138.7,3866,294446854,13454.5,4559.5,25211.9,14220.9,3181.1,3.67,10921.0127,129.76,110.79,0.009387129
30-09-2019,2019,LLY,LILLY (ELI) & CO,USA,USD,2019Q3,887,1253.9,82.4,1405.8,5476.6,5476.6,151.9,3680.2,233061603,12661.8,4607,25231.3,14147.4,3101.3,3.67,10921.0127,110.79,111.83,0.175266029
31-12-2019,2019,LLY,LILLY (ELI) & CO,USA,USD,2019Q4,941.9,1495.7,301.5,1663.1,6114,6114,167.4,4221.4,206159423,13709.6,4911.7,25576.5,14304.6,3190.7,3.67,10921.0127,111.83,131.43,0.055466788
31-03-2014,2014,MRK,MERCK & CO,USA,USD,2014Q1,2253,1705,169,2091,10264,10264,360,6479,787764902,41240,20287,67220,19589,6376,6.17,8939.3965,55,56.77,0.019024132
30-06-2014,2014,MRK,MERCK & CO,USA,USD,2014Q2,2579,2004,111,1891,10934,10934,-142,7129,623120619,33587,19761,64273,18590,6136,6.17,8939.3965,56.77,57.85,0.024719101
30-09-2014,2014,MRK,MERCK & CO,USA,USD,2014Q3,2326,895,53,1490,10557,10557,647,6664,521625783,34723,20081,67085,18566,5819,6.17,8939.3965,57.85,59.28,-0.042004049
31-12-2014,2014,MRK,MERCK & CO,USA,USD,2014Q4,2283,7316,228,11811,10482,10482,4484,6508,707155371,33173,4716,65162,18699,5571,6.17,8939.3965,59.28,56.79,0.012150026
31-03-2015,2015,MRK,MERCK & CO,USA,USD,2015Q1,1842,953,109,1381,9425,9425,423,5852,700021620,32927,5531,75418,25506,5539,5.28,9392.0664,56.79,57.48,-0.009568546
30-06-2015,2015,MRK,MERCK & CO,USA,USD,2015Q2,2040,686,151,807,9785,9785,119,6096,668974203,28319,5793,74263,24069,5306,5.28,9392.0664,57.48,56.93,-0.132443351
30-09-2015,2015,MRK,MERCK & CO,USA,USD,2015Q3,2138,1826,92,2397,10073,10073,566,6120,740412521,28567,5588,72665,24124,0,5.28,9392.0664,56.93,49.39,0.069447257
31-12-2015,2015,MRK,MERCK & CO,USA,USD,2015Q4,2194,977,6,816,10215,10215,-166,6558,699077388,29764,5432,72015,23929,4700,5.28,9392.0664,49.39,52.82,0.0017039
31-03-2016,2016,MRK,MERCK & CO,USA,USD,2016Q1,1792,1125,124,1624,9312,9312,494,5674,697841561,28772,5911,69983,23656,5102,4.87,9775,52.82,52.91,0.088830089
30-06-2016,2016,MRK,MERCK & CO,USA,USD,2016Q2,1964,1205,37,1504,9844,9844,295,6200,570576831,27926,6549,68549,23642,5248,4.87,9775,52.91,57.61,0.083318868
30-09-2016,2016,MRK,MERCK & CO,USA,USD,2016Q3,2231,2185,159,2887,10536,10536,698,6222,618715089,29440,6433,68895,23656,5244,4.87,9775,57.61,62.41,-0.056721679
31-12-2016,2016,MRK,MERCK & CO,USA,USD,2016Q4,2162,-595,119,-1356,10115,10115,-769,6402,675444517,30614,5139,64763,24274,4866,4.87,9775,62.41,58.87,0.079327331
31-03-2017,2017,MRK,MERCK & CO,USA,USD,2017Q1,1766,1551,253,2003,9434,9434,447,6036,656505910,31530,5872,65031,23437,5146,4.36,10103.0918,58.87,63.54,0.008655965
30-06-2017,2017,MRK,MERCK & CO,USA,USD,2017Q2,1880,1945,265,2439,9931,9931,488,6135,564152745,28167,5928,64637,21706,5407,4.36,10103.0918,63.54,64.09,-0.000936183
30-09-2017,2017,MRK,MERCK & CO,USA,USD,2017Q3,2134,-56,397,200,10324,10324,251,8722,485991753,27919,5884,63757,21838,5263,4.36,10103.0918,64.09,64.03,-0.121193191
31-12-2017,2017,MRK,MERCK & CO,USA,USD,2017Q4,2283,-1046,568,1879,10433,10433,2917,7016,733175253,24766,5308,63106,21353,5096,4.36,10103.0918,64.03,56.27,-0.031988626
31-03-2018,2018,MRK,MERCK & CO,USA,USD,2018Q1,2038,736,361,1345,10037,10037,604,7730,794891799,24085,6042,61956,21501,5382,3.9,10515.3232,56.27,54.47,0.114374885
30-06-2018,2018,MRK,MERCK & CO,USA,USD,2018Q2,2124,1707,243,2087,10465,10465,371,6885,705507077,24064,6470,60976,19959,5178,3.9,10515.3232,54.47,60.7,0.168698517
30-09-2018,2018,MRK,MERCK & CO,USA,USD,2018Q3,2516,1950,362,2665,10794,10794,707,7024,491380978,26836,6751,58294,19936,5416,3.9,10515.3232,60.7,70.94,0.077107415
31-12-2018,2018,MRK,MERCK & CO,USA,USD,2018Q4,2290,1827,278,2604,10998,10998,826,7048,824018398,25875,13787,56762,19806,5440,3.9,10515.3232,70.94,76.41,0.088470096
31-03-2019,2019,MRK,MERCK & CO,USA,USD,2019Q1,2142,2915,105,3067,10816,10816,205,6499,679909808,25351,7069,57003,23498,5712,3.67,10921.0127,76.41,83.17,0.008176025
30-06-2019,2019,MRK,MERCK & CO,USA,USD,2019Q2,2358,2670,172,3259,11759,11759,615,7197,682133343,24298,7627,59667,23523,5847,3.67,10921.0127,83.17,83.85,0.003935599
30-09-2019,2019,MRK,MERCK & CO,USA,USD,2019Q3,2512,1902,197,2347,12397,12397,439,7299,580577011,26142,7526,57189,23456,5855,3.67,10921.0127,83.85,84.18,0.080422903
31-12-2019,2019,MRK,MERCK & CO,USA,USD,2019Q4,2690,2356,442,2791,11868,11868,428,7900,503231475,27483,5278,56914,23504,5978,3.67,10921.0127,84.18,90.95,-0.154040682
31-03-2014,2014,VTRS,VIATRIS INC,USA,USD,2014Q1,814.7,115.9,-7.6,151.7,1715.6,1715.6,35.1,1284.3,283394328,4342.2,1975.7,11012.8,7780.6,1737.9,6.17,8939.3965,47,48.83,0.055908253
30-06-2014,2014,VTRS,VIATRIS INC,USA,USD,2014Q2,871.5,125.2,-0.4,137.8,1837.3,1837.3,11.2,1385,316446300,4477.1,2058.2,11125.7,7918.2,1791.1,6.17,8939.3965,48.83,51.56,-0.11772692
30-09-2014,2014,VTRS,VIATRIS INC,USA,USD,2014Q3,908.9,499.1,-2.5,412.6,2084,2084,-86.8,1462.6,300179502,5817.8,396.6,9356.3,5723.5,1707.5,6.17,8939.3965,51.56,45.49,0.239173445
31-12-2014,2014,VTRS,VIATRIS INC,USA,USD,2014Q4,916.2,189.2,-9.6,272.4,2082.7,2082.7,81.9,1433.5,254723505,6786.9,370.2,9099.7,5732.8,1651.4,6.17,8939.3965,45.49,56.37,0.052864999
31-03-2015,2015,VTRS,VIATRIS INC,USA,USD,2015Q1,846.3,56.6,-11.5,61.3,1871.7,1871.7,4.7,1407.2,251464331,7426.4,407.6,14697.4,5750.4,1908.3,5.28,9392.0664,56.37,59.35,0.143386689
30-06-2015,2015,VTRS,VIATRIS INC,USA,USD,2015Q2,1071.7,167.8,-0.9,180.7,2371.7,2371.7,12.8,1745,578107645,7891.4,452.4,14903.2,5890.4,1934.3,5.28,9392.0664,59.35,67.86,-0.406719717
30-09-2015,2015,VTRS,VIATRIS INC,USA,USD,2015Q3,1092.2,428.6,-11.3,455.1,2695.2,2695.2,26.5,1757.9,507701177,6485.9,435.5,14830.6,5845.8,1944.1,5.28,9392.0664,67.86,40.26,0.343020368
31-12-2015,2015,VTRS,VIATRIS INC,USA,USD,2015Q4,1036.1,194.6,-38,218.3,2490.7,2490.7,23.7,1690.8,520561108,6472.7,733.6,15795,6295.6,1951,5.28,9392.0664,40.26,54.07,-0.142777881
31-03-2016,2016,VTRS,VIATRIS INC,USA,USD,2016Q1,953.5,13.9,-13.3,19,2191.3,2191.3,5.1,1647.7,371802375,6627.6,716.4,16016.5,6325.7,2144.1,4.87,9775,54.07,46.35,-0.067098166
30-06-2016,2016,VTRS,VIATRIS INC,USA,USD,2016Q2,1061.8,168.4,-1.7,203.1,2560.7,2560.7,34.7,1773,332840259,12186.7,606.6,16649.6,12772.8,2191.3,4.87,9775,46.35,43.24,-0.118408881
30-09-2016,2016,VTRS,VIATRIS INC,USA,USD,2016Q3,1297.7,-119.8,-9.2,-325.3,3057.1,3057.1,-205.5,2079.3,382308275,7965.1,625.1,28573.4,11328.6,2687.5,4.87,9775,43.24,38.12,0.000786988
31-12-2016,2016,VTRS,VIATRIS INC,USA,USD,2016Q4,1417.7,417.5,9.2,224.9,3267.8,3267.8,-192.6,2168.1,396443175,7522.5,805.4,27203.7,15202.9,2456.4,4.87,9775,38.12,38.15,0.022018349
31-03-2017,2017,VTRS,VIATRIS INC,USA,USD,2017Q1,1193.1,66.4,-11.8,71.6,2719.5,2719.5,5.2,1935.8,368993108,7065.5,740.8,27207.1,14700.8,2547.8,4.36,10103.0918,38.15,38.99,-0.004360092
30-06-2017,2017,VTRS,VIATRIS INC,USA,USD,2017Q2,1296.2,297,-12.4,324.7,2962.2,2962.2,27.7,2054.8,339343460,6965.9,878.5,28540.3,14025.6,2610.2,4.36,10103.0918,38.99,38.82,-0.191911386
30-09-2017,2017,VTRS,VIATRIS INC,USA,USD,2017Q3,1332.9,88.3,-3.7,179.6,2987.1,2987.1,91.3,2079.4,404073113,7266.6,712.3,28552.3,13992.4,2548.1,4.36,10103.0918,38.82,31.37,0.348740835
31-12-2017,2017,VTRS,VIATRIS INC,USA,USD,2017Q4,1384.3,244.3,34.9,327.1,3238.9,3238.9,82.8,2154.8,391952924,7213.3,576.4,28593,12865.3,2542.7,4.36,10103.0918,31.37,42.31,-0.026943985
31-03-2018,2018,VTRS,VIATRIS INC,USA,USD,2018Q1,1187.1,87.1,-13.5,10.5,2684.5,2684.5,-76.6,1908,324553583,6761.3,573.1,28423.2,12451.4,2641.1,3.9,10515.3232,42.31,41.17,-0.122176342
30-06-2018,2018,VTRS,VIATRIS INC,USA,USD,2018Q2,1238.1,37.5,-21.3,18.7,2808.3,2808.3,-18.8,1940.6,285597885,6297.8,560.9,26973.7,13320,2561,3.9,10515.3232,41.17,36.14,0.012728279
30-09-2018,2018,VTRS,VIATRIS INC,USA,USD,2018Q3,1210.6,176.7,-9.5,192.2,2862.4,2862.4,15.5,1889.8,248084167,6541.7,609.2,26913.9,13291.4,2560.6,3.9,10515.3232,36.14,36.6,-0.25136612
31-12-2018,2018,VTRS,VIATRIS INC,USA,USD,2018Q4,1340.2,51.2,-20.6,77,3078.7,3078.7,25.8,2079.9,340759624,6367.7,645.9,26367.2,13161.2,2580.2,3.9,10515.3232,36.6,27.4,0.034306569
31-03-2019,2019,VTRS,VIATRIS INC,USA,USD,2019Q1,1089.7,-25,-7.3,-114.5,2495.5,2495.5,-89.5,1810.2,337863362,6262.3,565.9,25644.3,13241.2,2708.8,3.67,10921.0127,27.4,28.34,-0.32815808
30-06-2019,2019,VTRS,VIATRIS INC,USA,USD,2019Q2,1257.5,-168.5,-16.4,-52.1,2851.5,2851.5,116.4,2020.6,461285724,6265.4,612.7,25551.5,12761,2776.2,3.67,10921.0127,28.34,19.04,0.038865546
30-09-2019,2019,VTRS,VIATRIS INC,USA,USD,2019Q3,1336.5,189.8,-9,185.8,2961.7,2961.7,-4,2056.8,455756530,6645.1,707.6,24408.4,12641.8,2763.5,3.67,10921.0127,19.04,19.78,0.016177958
31-12-2019,2019,VTRS,VIATRIS INC,USA,USD,2019Q4,1426.2,20.5,-15.5,135.2,3191.8,3191.8,114.7,2153.7,397601960,6757.3,761.3,24498.2,11390,2670.9,3.67,10921.0127,19.78,20.1,-0.258208955
31-03-2014,2014,NVO,NOVO NORDISK A/S,DNK,USD,2014Q1,639.554,1191.645,89.124,1531.719,3753.737,3753.737,340.074,2311.142,116475659,6367.126,811.344,5302.247,0,1900.395,6.17,8939.3965,43,45.65,0.011829135
30-06-2014,2014,NVO,NOVO NORDISK A/S,DNK,USD,2014Q2,670.973,1278.47,84.034,1643.146,3953.345,3953.345,364.676,2394.233,56959554,6282.708,884.702,5410.676,0,1964.597,6.17,8939.3965,45.65,46.19,0.030959082
30-09-2014,2014,NVO,NOVO NORDISK A/S,DNK,USD,2014Q3,481.422,914.62,-4.023,1192.448,3187.62,3187.62,277.828,1889.363,61928664,6984.41,895.211,5108.317,0,1914.432,6.17,8939.3965,46.19,47.62,-0.111297774
31-12-2014,2014,NVO,NOVO NORDISK A/S,DNK,USD,2014Q4,574.548,918.74,-108.356,1173.689,3537.319,3537.319,254.949,2259.553,96958665,7523.158,877.401,5000.325,0,1845.646,6.17,8939.3965,47.62,42.32,0.26157845
31-03-2015,2015,NVO,NOVO NORDISK A/S,DNK,USD,2015Q1,461.669,1419.945,99.35,1795.06,3623.188,3623.188,375.115,1935.53,100363974,6248.706,1052.019,4887.854,0,1766.736,5.28,9392.0664,42.32,53.39,0.025660236
30-06-2015,2015,NVO,NOVO NORDISK A/S,DNK,USD,2015Q2,498.501,1304.025,26.689,1648.663,4190.19,4190.19,344.638,2216.435,84570801,7077.477,995.904,5079.84,0,1917.499,5.28,9392.0664,53.39,54.76,-0.009495982
30-09-2015,2015,NVO,NOVO NORDISK A/S,DNK,USD,2015Q3,481.654,1256.459,35.411,1519.319,4014.938,4014.938,262.86,2158.784,86942268,7704.094,925.455,5043.542,0,1909.564,5.28,9392.0664,54.76,54.24,0.07079646
31-12-2015,2015,NVO,NOVO NORDISK A/S,DNK,USD,2015Q4,483.149,1092.109,11.854,1364.243,3876.324,3876.324,272.134,2275.313,91778672,8023.515,990.353,5334.313,0,1856.438,5.28,9392.0664,54.24,58.08,-0.066976584
31-03-2016,2016,NVO,NOVO NORDISK A/S,DNK,USD,2016Q1,551.777,1445.166,-11.005,1826.977,4159.266,4159.266,381.811,2225.908,100987187,7089.186,918.457,5500.497,0,1986.244,4.87,9775,58.08,54.19,-0.007565972
30-06-2016,2016,NVO,NOVO NORDISK A/S,DNK,USD,2016Q2,480.54,1444.817,38.829,1826.606,3975.331,3975.331,381.789,2083.4,86648353,7830.318,663.76,5303.386,0,2028.776,4.87,9775,54.19,53.78,-0.226664187
30-09-2016,2016,NVO,NOVO NORDISK A/S,DNK,USD,2016Q3,505.517,1521.555,12.931,1909.671,4274.345,4274.345,388.116,2263.621,169346702,7785.174,406.195,5398.421,0,2151.278,4.87,9775,53.78,41.59,-0.137773503
31-12-2016,2016,NVO,NOVO NORDISK A/S,DNK,USD,2016Q4,447.633,970.796,-26.137,1220.261,3454.928,3454.928,249.465,2068.892,268387834,8482.019,380.773,5360.762,0,2035.281,4.87,9775,41.59,35.86,-0.044060234
31-03-2017,2017,NVO,NOVO NORDISK A/S,DNK,USD,2017Q1,509.616,1460.812,-29.918,1870.46,4092.459,4092.459,409.648,2090.244,150580423,8004.258,382.32,5547.085,0,2163.888,4.36,10103.0918,35.86,34.28,0.251166861
30-06-2017,2017,NVO,NOVO NORDISK A/S,DNK,USD,2017Q2,578.422,1625.261,-87.036,2065.906,4669.858,4669.858,440.645,2377.632,143820360,9051.478,355.159,5962.949,0,2306.535,4.36,10103.0918,34.28,42.89,0.12263931
30-09-2017,2017,NVO,NOVO NORDISK A/S,DNK,USD,2017Q3,603.474,1656.986,129.496,2113.546,4525.931,4525.931,456.56,2421.522,107147717,9063.835,451.017,6476.639,0,2417.806,4.36,10103.0918,42.89,48.15,0.114641745
31-12-2017,2017,NVO,NOVO NORDISK A/S,DNK,USD,2017Q4,641.654,1413.594,109.202,1810.195,4746.725,4746.725,396.601,2893.431,107472688,9700.806,313.403,6825.924,0,2482.199,4.36,10103.0918,48.15,53.67,-0.082355133
31-03-2018,2018,NVO,NOVO NORDISK A/S,DNK,USD,2018Q1,571.122,1772.045,229.108,2243.119,4438.767,4438.767,471.074,2324.212,91610170,8227.295,315.477,7193.506,0,2615.296,3.9,10515.3232,53.67,49.25,-0.063553299
30-06-2018,2018,NVO,NOVO NORDISK A/S,DNK,USD,2018Q2,532.611,1530.854,95.012,1844.716,4069.323,4069.323,313.862,2204.396,98528038,9003.665,322.085,7162.911,0,2526.262,3.9,10515.3232,49.25,46.12,0.022116219
30-09-2018,2018,NVO,NOVO NORDISK A/S,DNK,USD,2018Q3,560.498,1391.878,-80.273,1715.39,4283.936,4283.936,323.512,2367.33,85949474,8434.893,319.571,7441.591,0,2480.842,3.9,10515.3232,46.12,47.14,-0.022698345
31-12-2018,2018,NVO,NOVO NORDISK A/S,DNK,USD,2018Q4,435.779,1229.791,-29.583,1499.724,4360.05,4360.05,269.933,2584.168,108616787,9059.399,443.714,7929.793,0,2505.534,3.9,10515.3232,47.14,46.07,0.13544606
31-03-2019,2019,NVO,NOVO NORDISK A/S,DNK,USD,2019Q1,552.379,1570.386,34.279,1987.902,4403.846,4403.846,417.516,2136.296,83467308,7928.456,457.509,8630.13,481.715,2531.561,3.67,10921.0127,46.07,52.31,-0.024278341
30-06-2019,2019,NVO,NOVO NORDISK A/S,DNK,USD,2019Q2,577.902,1485.169,41.5,1879.876,4641.909,4641.909,394.707,2428.283,87640641,8953.204,455.436,9024.714,453.912,2611.707,3.67,10921.0127,52.31,51.04,0.012931034
30-09-2019,2019,NVO,NOVO NORDISK A/S,DNK,USD,2019Q3,387.431,1359.583,12.132,1604.633,4039.314,4039.314,245.05,2048.927,98070746,9258.441,600.63,8982.149,427.436,2556.878,3.67,10921.0127,51.04,51.7,0.119535783
31-12-2019,2019,NVO,NOVO NORDISK A/S,DNK,USD,2019Q4,648.898,1434.424,11.957,1819.155,5239.735,5239.735,384.731,3069.485,88527661,9379.483,745.18,9484.608,451.884,2649.281,3.67,10921.0127,51.7,57.88,0.04008293
31-03-2014,2014,PFE,PFIZER INC,USA,USD,2014Q1,1700,2329,484,2847,11353,11353,582,6337,1651607390,57793,5257,114015,27649,6066,6.17,8939.3965,34,32.12,-0.075965131
30-06-2014,2014,PFE,PFIZER INC,USA,USD,2014Q2,2017,2912,439,4003,12773,12773,1082,7242,1838890960,58287,4957,114325,32267,6249,6.17,8939.3965,32.12,29.68,-0.003706199
30-09-2014,2014,PFE,PFIZER INC,USA,USD,2014Q3,1990,2666,218,3587,12361,12361,911,7084,1457773460,56987,4794,114375,31666,6355,6.17,8939.3965,29.68,29.57,0.053432533
31-12-2014,2014,PFE,PFIZER INC,USA,USD,2014Q4,2294,1229,587,1803,13118,13118,545,9422,1610281033,57702,5056,111572,31541,5663,6.17,8939.3965,29.57,31.15,0.116853933
31-03-2015,2015,PFE,PFIZER INC,USA,USD,2015Q1,1506,2376,480,3082,10864,10864,706,6459,1850607710,49443,5193,111197,29370,5786,5.28,9392.0664,31.15,34.79,-0.036217304
30-06-2015,2015,PFE,PFIZER INC,USA,USD,2015Q2,1821,2627,452,3539,11853,11853,904,6928,1499978710,51715,5085,109163,26729,5796,5.28,9392.0664,34.79,33.53,-0.063226961
30-09-2015,2015,PFE,PFIZER INC,USA,USD,2015Q3,1862,2129,194,2698,12087,12087,568,6836,1619786580,45001,5424,125866,29079,7678,5.28,9392.0664,33.53,31.41,0.027698185
31-12-2015,2015,PFE,PFIZER INC,USA,USD,2015Q4,2667,-172,307,-354,14047,14047,-188,9612,2267312757,43804,5293,123656,28818,7513,5.28,9392.0664,31.41,32.28,-0.081784387
31-03-2016,2016,PFE,PFIZER INC,USA,USD,2016Q1,2345,3038,491,3561,13005,13005,513,7435,2597235340,41298,5741,121631,27823,7578,4.87,9775,32.28,29.64,0.187921727
30-06-2016,2016,PFE,PFIZER INC,USA,USD,2016Q2,2688,2048,214,2410,13147,13147,348,7880,2362220210,43845,6423,126813,30458,7614,4.87,9775,29.64,35.21,-0.03805737
30-09-2016,2016,PFE,PFIZER INC,USA,USD,2016Q3,2504,1354,683,1604,13044,13044,249,7919,1227925710,38501,6618,139929,30437,7507,4.87,9775,35.21,33.87,-0.041039268
31-12-2016,2016,PFE,PFIZER INC,USA,USD,2016Q4,2633,775,217,777,13628,13628,12,9532,1642405740,38949,5135,132666,31398,6783,4.87,9775,33.87,32.48,0.053263547
31-03-2017,2017,PFE,PFIZER INC,USA,USD,2017Q1,2071,3121,400,3951,12779,12779,821,7066,1556782050,35878,5238,132906,36330,7415,4.36,10103.0918,32.48,34.21,-0.018123356
30-06-2017,2017,PFE,PFIZER INC,USA,USD,2017Q2,2240,3073,485,3816,12896,12896,739,7403,1346500340,36385,5417,132173,34191,7584,4.36,10103.0918,34.21,33.59,0.062816314
30-09-2017,2017,PFE,PFIZER INC,USA,USD,2017Q3,2339,2840,466,3584,13168,13168,727,7667,1076291850,40290,5246,131861,34503,7925,4.36,10103.0918,33.59,35.7,0.014565826
31-12-2017,2017,PFE,PFIZER INC,USA,USD,2017Q4,2677,12274,214,953,13703,13703,-11336,9294,939555675,41142,5082,130655,33538,7578,4.36,10103.0918,35.7,36.22,-0.020154611
31-03-2018,2018,PFE,PFIZER INC,USA,USD,2018Q1,2166,3560,649,4127,12906,12906,556,7190,1503818840,34835,4852,129777,31831,8148,3.9,10515.3232,36.22,35.49,0.022259791
30-06-2018,2018,PFE,PFIZER INC,USA,USD,2018Q2,2504,3872,821,4527,13467,13467,648,7801,1326035520,37303,4810,127677,28934,8074,3.9,10515.3232,35.49,36.28,0.214718853
30-09-2018,2018,PFE,PFIZER INC,USA,USD,2018Q3,2315,4114,607,4177,13297,13297,65,7781,1211440114,41583,4914,126255,33652,8184,3.9,10515.3232,36.28,44.07,-0.009530293
31-12-2018,2018,PFE,PFIZER INC,USA,USD,2018Q4,2653,-393,-2370,-946,13977,13977,-563,9057,1559611759,49926,4777,109496,32909,7508,3.9,10515.3232,44.07,43.65,-0.027033219
31-03-2019,2019,PFE,PFIZER INC,USA,USD,2019Q1,2049,3883,523,4322,13118,13118,433,7073,1531094310,45290,5022,110131,36776,8029,3.67,10921.0127,43.65,42.47,0.020014128
30-06-2019,2019,PFE,PFIZER INC,USA,USD,2019Q2,2208,5046,390,4142,13264,13264,-914,7530,1418577250,47073,5074,109125,37194,8233,3.67,10921.0127,42.47,43.32,-0.170590951
30-09-2019,2019,PFE,PFIZER INC,USA,USD,2019Q3,2241,7681,240,10726,12680,12680,3046,7758,1588336102,33459,5621,136988,37081,8222,3.67,10921.0127,43.32,35.93,0.09045366
31-12-2019,2019,PFE,PFIZER INC,USA,USD,2019Q4,2231,-337,-2119,-1508,12688,12688,-1181,9132,1177367634,32803,5412,134686,37003,8283,3.67,10921.0127,35.93,39.18,-0.166921899
31-03-2014,2014,ZTS,ZOETIS INC,USA,USD,2014Q1,341,155,-6,227,1105,1105,72,754,300423335,3222,120,3181,3642,1316,6.17,8939.3965,26,28.94,0.115065653
30-06-2014,2014,ZTS,ZOETIS INC,USA,USD,2014Q2,369,136,-2,200,1164,1164,61,826,224720201,3327,128,3195,3642,1336,6.17,8939.3965,28.94,32.27,0.14502634
30-09-2014,2014,ZTS,ZOETIS INC,USA,USD,2014Q3,397,166,-5,238,1217,1217,71,855,172548036,3353,122,3174,3642,1388,6.17,8939.3965,32.27,36.95,0.164546685
31-12-2014,2014,ZTS,ZOETIS INC,USA,USD,2014Q4,434,126,2,155,1331,1331,29,1014,316409322,3465,121,3142,3643,1289,6.17,8939.3965,36.95,43.03,0.075761097
31-03-2015,2015,ZTS,ZOETIS INC,USA,USD,2015Q1,354,165,-6,230,1109,1109,65,754,207088993,3110,115,3320,3243,1346,5.28,9392.0664,43.03,46.29,0.04169367
30-06-2015,2015,ZTS,ZOETIS INC,USA,USD,2015Q2,375,-37,-5,-27,1182,1182,9,801,212458493,3316,123,3282,3243,1417,5.28,9392.0664,46.29,48.22,-0.145997511
30-09-2015,2015,ZTS,ZOETIS INC,USA,USD,2015Q3,380,189,-1,273,1219,1219,83,817,225362829,3450,101,3236,3226,1403,5.28,9392.0664,48.22,41.18,0.163671685
31-12-2015,2015,ZTS,ZOETIS INC,USA,USD,2015Q4,427,22,5,69,1279,1279,49,925,220723245,3830,131,4083,4463,1467,5.28,9392.0664,41.18,47.92,-0.074916528
31-03-2016,2016,ZTS,ZOETIS INC,USA,USD,2016Q1,350,204,-8,332,1169,1169,128,741,287575568,3307,160,4146,4464,1461,4.87,9775,47.92,44.33,0.070606813
30-06-2016,2016,ZTS,ZOETIS INC,USA,USD,2016Q2,360,224,-1,332,1213,1213,108,782,236769163,3328,157,4190,4465,1525,4.87,9775,44.33,47.46,0.095870206
30-09-2016,2016,ZTS,ZOETIS INC,USA,USD,2016Q3,372,239,-5,333,1249,1249,96,799,206255389,3364,190,4351,4467,1563,4.87,9775,47.46,52.01,0.029225149
31-12-2016,2016,ZTS,ZOETIS INC,USA,USD,2016Q4,416,154,-21,231,1287,1287,77,879,215405002,3390,169,4259,4468,1502,4.87,9775,52.01,53.53,-0.002988978
31-03-2017,2017,ZTS,ZOETIS INC,USA,USD,2017Q1,401,238,4,337,1238,1238,98,798,208631743,3383,169,4266,3718,1535,4.36,10103.0918,53.53,53.37,0.168821435
30-06-2017,2017,ZTS,ZOETIS INC,USA,USD,2017Q2,403,247,-4,345,1274,1274,98,824,186095274,3584,158,4218,3719,1498,4.36,10103.0918,53.37,62.38,0.022122475
30-09-2017,2017,ZTS,ZOETIS INC,USA,USD,2017Q3,399,298,-3,413,1354,1354,117,823,137137765,4894,158,4394,4952,1490,4.36,10103.0918,62.38,63.76,0.129861982
31-12-2017,2017,ZTS,ZOETIS INC,USA,USD,2017Q4,414,81,-8,430,1453,1453,350,884,140858891,4217,155,4369,4953,1427,4.36,10103.0918,63.76,72.04,0.159217102
31-03-2018,2018,ZTS,ZOETIS INC,USA,USD,2018Q1,409,352,0,417,1373,1373,67,843,171070035,4267,158,4423,4954,1441,3.9,10515.3232,72.04,83.51,0.020117351
30-06-2018,2018,ZTS,ZOETIS INC,USA,USD,2018Q2,405,384,0,437,1421,1421,55,866,159947966,4239,155,4364,4955,1420,3.9,10515.3232,83.51,85.19,0.074774035
30-09-2018,2018,ZTS,ZOETIS INC,USA,USD,2018Q3,420,347,0,418,1485,1485,71,895,140316909,4076,170,6383,6441,1441,3.9,10515.3232,85.19,91.56,-0.065749235
31-12-2018,2018,ZTS,ZOETIS INC,USA,USD,2018Q4,478,345,6,418,1574,1574,73,1022,146911031,4399,155,6378,6443,1391,3.9,10515.3232,91.56,85.54,0.176876315
31-03-2019,2019,ZTS,ZOETIS INC,USA,USD,2019Q1,388,312,12,381,1460,1460,69,859,145556813,4379,152,6504,6578,1361,3.67,10921.0127,85.54,100.67,0.127346777
30-06-2019,2019,ZTS,ZOETIS INC,USA,USD,2019Q2,403,371,6,455,1550,1550,84,920,129323913,4484,147,6502,6615,1404,3.67,10921.0127,100.67,113.49,0.097805974
30-09-2019,2019,ZTS,ZOETIS INC,USA,USD,2019Q3,407,433,5,528,1588,1588,95,910,121641985,4618,163,6654,6616,1439,3.67,10921.0127,113.49,124.59,0.062284292
31-12-2019,2019,ZTS,ZOETIS INC,USA,USD,2019Q4,458,384,11,437,1678,1678,53,1062,133170655,4748,186,6797,6111,1410,3.67,10921.0127,124.59,132.35,-0.110766906
31-03-2014,2014,TEVA,TEVA PHARMACEUTICALS,ISR,USD,2014Q1,1899,744,-8,883,5001,5001,143,3521,430333743,13448,1470,33444,10244,4976,6.17,8939.3965,53,52.84,-0.007948524
30-06-2014,2014,TEVA,TEVA PHARMACEUTICALS,ISR,USD,2014Q2,2003,748,0,847,5045,5045,102,3563,339941385,13546,1469,33188,9122,4940,6.17,8939.3965,52.84,52.42,0.025371995
30-09-2014,2014,TEVA,TEVA PHARMACEUTICALS,ISR,USD,2014Q3,1878,876,-5,1023,5058,5058,160,3438,232185600,13922,1479,32686,8818,4591,6.17,8939.3965,52.42,53.75,0.069953488
31-12-2014,2014,TEVA,TEVA PHARMACEUTICALS,ISR,USD,2014Q4,1889,687,8,880,5168,5168,186,3558,258053025,14396,1393,32024,8566,4371,6.17,8939.3965,53.75,57.51,0.083289863
31-03-2015,2015,TEVA,TEVA PHARMACEUTICALS,ISR,USD,2015Q1,1819,446,-9,548,4982,4982,104,3372,288267074,15711,1712,31240,9391,4174,5.28,9392.0664,57.51,62.3,-0.051364366
30-06-2015,2015,TEVA,TEVA PHARMACEUTICALS,ISR,USD,2015Q2,1749,539,6,626,4966,4966,87,3312,318334897,13299,3173,37072,9496,4226,5.28,9392.0664,62.3,59.1,-0.044670051
30-09-2015,2015,TEVA,TEVA PHARMACEUTICALS,ISR,USD,2015Q3,1744,103,-4,310,4823,4823,194,3194,325870119,12500,2469,36125,9516,4092,5.28,9392.0664,59.1,56.46,0.162592986
31-12-2015,2015,TEVA,TEVA PHARMACEUTICALS,ISR,USD,2015Q4,1706,500,10,747,4881,4881,249,3352,374977331,18398,1169,35860,8383,3966,5.28,9392.0664,56.46,65.64,-0.184795856
31-03-2016,2016,TEVA,TEVA PHARMACEUTICALS,ISR,USD,2016Q1,1727,636,-6,861,4810,4810,228,3248,346403095,16994,2661,38132,8619,3963,4.87,9775,65.64,53.51,-0.061296954
30-06-2016,2016,TEVA,TEVA PHARMACEUTICALS,ISR,USD,2016Q2,1819,254,15,271,5038,5038,29,3410,392521135,18344,2639,39576,8036,3921,4.87,9775,53.51,50.23,-0.084013538
30-09-2016,2016,TEVA,TEVA PHARMACEUTICALS,ISR,USD,2016Q3,2087,412,695,617,5563,5563,207,3958,393466660,17386,3129,81361,33179,5349,4.87,9775,50.23,46.01,-0.212127798
31-12-2016,2016,TEVA,TEVA PHARMACEUTICALS,ISR,USD,2016Q4,2513,-973,-3,-917,6492,6492,57,4625,595880647,16961,1677,75929,32524,4954,4.87,9775,46.01,36.25,-0.114758621
31-03-2017,2017,TEVA,TEVA PHARMACEUTICALS,ISR,USD,2017Q1,2280,645,79,695,5650,5650,54,3983,656121113,14835,2066,76441,32694,4999,4.36,10103.0918,36.25,32.09,0.035213462
30-06-2017,2017,TEVA,TEVA PHARMACEUTICALS,ISR,USD,2017Q2,2295,-5970,10,-5992,5720,5720,-22,4027,477899518,14595,2018,71760,33806,5132,4.36,10103.0918,32.09,33.22,-0.470198675
30-09-2017,2017,TEVA,TEVA PHARMACEUTICALS,ISR,USD,2017Q3,2630,595,1,116,5617,5617,-494,4156,1331743542,16226,1585,69856,31971,5060,4.36,10103.0918,33.22,17.6,0.076704545
31-12-2017,2017,TEVA,TEVA PHARMACEUTICALS,ISR,USD,2017Q4,2631,-11535,1023,-13201,5398,5398,-1471,4085,1697841531,15382,1423,55233,28829,4924,4.36,10103.0918,17.6,18.95,-0.098153034
31-03-2018,2018,TEVA,TEVA PHARMACEUTICALS,ISR,USD,2018Q1,2256,1120,-172,1180,5065,5065,46,3627,995595236,14687,1295,54494,29450,5113,3.9,10515.3232,18.95,17.09,0.423054418
30-06-2018,2018,TEVA,TEVA PHARMACEUTICALS,ISR,USD,2018Q2,2263,-176,-113,-242,4701,4701,-76,3477,730988257,14711,1246,52319,28965,4971,3.9,10515.3232,17.09,24.32,-0.114309211
30-09-2018,2018,TEVA,TEVA PHARMACEUTICALS,ISR,USD,2018Q3,1687,-208,-114,-223,4087,4087,-26,2955,716693619,13881,1149,51180,26816,4866,3.9,10515.3232,24.32,21.54,-0.284122563
31-12-2018,2018,TEVA,TEVA PHARMACEUTICALS,ISR,USD,2018Q4,2089,-2886,-852,-3382,4418,4418,-139,3501,734038648,13794,1038,46889,26700,4731,3.9,10515.3232,21.54,15.42,0.016861219
31-03-2019,2019,TEVA,TEVA PHARMACEUTICALS,ISR,USD,2019Q1,1885,-105,-222,-88,4149,4149,9,3051,618781033,13432,1108,46422,26258,4782,3.67,10921.0127,15.42,15.68,-0.411352041
30-06-2019,2019,TEVA,TEVA PHARMACEUTICALS,ISR,USD,2019Q2,1869,-689,-339,-850,4177,4177,-179,3070,1079642160,13805,1038,45619,26381,4850,3.67,10921.0127,15.68,9.23,-0.25460455
30-09-2019,2019,TEVA,TEVA PHARMACEUTICALS,ISR,USD,2019Q3,1886,-314,-108,-296,4093,4093,12,2973,1309445338,12542,1058,44704,24206,4637,3.67,10921.0127,9.23,6.88,0.424418605
31-12-2019,2019,TEVA,TEVA PHARMACEUTICALS,ISR,USD,2019Q4,2127,109,-252,-44,4468,4468,-120,3350,1242103683,13464,978,44006,24997,4422,3.67,10921.0127,6.88,9.8,-0.083673469
31-03-2014,2014,ITCI,INTRA-CELLULAR THERAPIES INC,USA,USD,2014Q1,4.736,-4.543,0.036,-4.543,0.168,0.168,0,4.736,5295366,146.371,0.201,0.266,0,0,6.17,8939.3965,19,18.18,-0.072607261
30-06-2014,2014,ITCI,INTRA-CELLULAR THERAPIES INC,USA,USD,2014Q2,4.824,-4.534,0.08,-4.534,0.219,0.219,0,4.824,6228534,141.208,0.071,0.135,0,0,6.17,8939.3965,18.18,16.86,-0.18683274
30-09-2014,2014,ITCI,INTRA-CELLULAR THERAPIES INC,USA,USD,2014Q3,6.621,-6.415,0.088,-6.415,0.124,0.124,0,6.621,3616547,137.481,0.071,0.128,0,0,6.17,8939.3965,16.86,13.71,0.287381473
31-12-2014,2014,ITCI,INTRA-CELLULAR THERAPIES INC,USA,USD,2014Q4,15.357,-15.199,0.1,-15.197,0.066,0.066,0.002,15.357,2352605,130.986,0.071,0.126,0,0,6.17,8939.3965,13.71,17.65,0.352974504
31-03-2015,2015,ITCI,INTRA-CELLULAR THERAPIES INC,USA,USD,2015Q1,22.389,-22.287,0.114,-22.287,0.003,0.003,0,22.389,10951184,236.497,0.071,0.631,0,0,5.28,9392.0664,17.65,23.88,0.337939698
30-06-2015,2015,ITCI,INTRA-CELLULAR THERAPIES INC,USA,USD,2015Q2,21.716,-21.511,0.18,-21.511,0.057,0.057,0,21.716,14514191,212.611,0.071,0.793,0,0,5.28,9392.0664,23.88,31.95,0.253208138
30-09-2015,2015,ITCI,INTRA-CELLULAR THERAPIES INC,USA,USD,2015Q3,32.304,-32.161,0.189,-32.161,0,0,0,32.304,65450352,512.265,0.071,0.857,0,0,5.28,9392.0664,31.95,40.04,0.343406593
31-12-2015,2015,ITCI,INTRA-CELLULAR THERAPIES INC,USA,USD,2015Q4,29.356,-28.834,0.539,-28.833,0.031,0.031,0.001,29.356,32440848,483.256,0.072,0.848,0,0,5.28,9392.0664,40.04,53.79,-0.483175311
31-03-2016,2016,ITCI,INTRA-CELLULAR THERAPIES INC,USA,USD,2016Q1,28.449,-27.841,0.656,-27.841,0,0,0,28.449,37184309,462.859,0.072,0.803,0,0,4.87,9775,53.79,27.8,0.396402878
30-06-2016,2016,ITCI,INTRA-CELLULAR THERAPIES INC,USA,USD,2016Q2,31.723,-30.834,0.71,-30.834,0.228,0.228,0,31.723,29375011,446.808,0.076,0.795,0,0,4.87,9775,27.8,38.82,-0.607418856
30-09-2016,2016,ITCI,INTRA-CELLULAR THERAPIES INC,USA,USD,2016Q3,30.14,-30.266,0.764,-29.434,0.005,0.005,0.832,30.14,47770416,541.819,0.075,0.753,0,0,4.87,9775,38.82,15.24,-0.00984252
31-12-2016,2016,ITCI,INTRA-CELLULAR THERAPIES INC,USA,USD,2016Q4,28.08,-27.485,0.805,-27.251,0.098,0.098,0.234,28.08,48427009,388.2,0.075,0.703,0,0,4.87,9775,15.24,15.09,0.076872101
31-03-2017,2017,ITCI,INTRA-CELLULAR THERAPIES INC,USA,USD,2017Q1,27.799,-26.934,0.822,-26.932,0.095,0.095,0.002,27.799,31541681,371.611,0.075,0.681,0,0,4.36,10103.0918,15.09,16.25,-0.235692308
30-06-2017,2017,ITCI,INTRA-CELLULAR THERAPIES INC,USA,USD,2017Q2,18.682,-17.761,0.858,-17.761,0.115,0.115,0,18.682,54079073,348.835,0.075,0.705,0,0,4.36,10103.0918,16.25,12.42,0.270531401
30-09-2017,2017,ITCI,INTRA-CELLULAR THERAPIES INC,USA,USD,2017Q3,23.737,-22.87,0.885,-22.874,0.031,0.031,-0.004,23.737,47325395,333.435,0.076,0.756,0,0,4.36,10103.0918,12.42,15.78,-0.082382763
31-12-2017,2017,ITCI,INTRA-CELLULAR THERAPIES INC,USA,USD,2017Q4,32.654,-30.208,1.441,-31.267,0.005,0.005,-1.059,32.654,33636831,469.216,1.134,2.271,0,0,4.36,10103.0918,15.78,14.48,0.453729282
31-03-2018,2018,ITCI,INTRA-CELLULAR THERAPIES INC,USA,USD,2018Q1,0,-35.48,1.604,-35.48,0,0,0,37.002,31812132,443.154,1.135,2.485,0,0,3.9,10515.3232,14.48,21.05,-0.160570071
30-06-2018,2018,ITCI,INTRA-CELLULAR THERAPIES INC,USA,USD,2018Q2,0,-37.376,1.793,-37.375,0,0,0.001,39.072,26589558,409.661,1.137,2.413,0,0,3.9,10515.3232,21.05,17.67,0.228070175
30-09-2018,2018,ITCI,INTRA-CELLULAR THERAPIES INC,USA,USD,2018Q3,0,-41.523,1.869,-41.523,0,0,0,43.297,18432915,383.253,1.137,2.334,0,0,3.9,10515.3232,17.67,21.7,-0.475115207
31-12-2018,2018,ITCI,INTRA-CELLULAR THERAPIES INC,USA,USD,2018Q4,0,-40.748,1.875,-40.748,0,0,0,42.527,24812933,355.439,0.608,1.767,0,0,3.9,10515.3232,21.7,11.39,0.069359087
31-03-2019,2019,ITCI,INTRA-CELLULAR THERAPIES INC,USA,USD,2019Q1,36.595,-34.836,1.86,-34.836,0,0,0,36.595,20161685,321.128,0.615,21.845,20.859,0,3.67,10921.0127,11.39,12.18,0.065681445
30-06-2019,2019,ITCI,INTRA-CELLULAR THERAPIES INC,USA,USD,2019Q2,39.066,-37.441,1.732,-37.439,0,0,0.002,39.066,25247685,288.342,0.615,21.521,20.568,0,3.67,10921.0127,12.18,12.98,-0.42449923
30-09-2019,2019,ITCI,INTRA-CELLULAR THERAPIES INC,USA,USD,2019Q3,36.247,-34.862,1.514,-34.862,0,0,0,36.247,84823065,259.457,0.351,21.066,20.27,0,3.67,10921.0127,12.98,7.47,3.593038822
31-12-2019,2019,ITCI,INTRA-CELLULAR THERAPIES INC,USA,USD,2019Q4,41.688,-40.583,1.185,-40.584,0.061,0.061,-0.001,41.688,149734509,230.324,0.351,20.862,19.955,0,3.67,10921.0127,7.47,34.31,-0.552025648
31-03-2014,2014,PRGO,PERRIGO CO PLC,IRL,USD,2014Q1,562.1,48.1,-13.1,62.7,1004.2,1004.2,14.6,745.3,69658848,2304.4,179.3,11438.3,3125.5,693.5,6.17,8939.3965,150,154.66,-0.057545584
30-06-2014,2014,PRGO,PERRIGO CO PLC,IRL,USD,2014Q2,607.1,131.9,-5.3,165.7,1144.2,1144.2,33.8,799.6,78440374,2550.9,140.5,11329.3,3090.5,631.6,6.17,8939.3965,154.66,145.76,0.030392426
30-09-2014,2015,PRGO,PERRIGO CO PLC,IRL,USD,2014Q3,503.1,96.3,-2.5,108.6,951.5,951.5,12.3,686,72006245,2634,146.2,11147,3050.8,656.8,5.28,9392.0664,145.76,150.19,0.112990212
31-12-2014,2015,PRGO,PERRIGO CO PLC,IRL,USD,2014Q4,560.8,70.2,6.8,84.7,1071.6,1071.6,14.5,746.1,62773580,5364.2,160.3,11096.5,4439.4,641.8,5.28,9392.0664,150.19,167.16,-0.009631491
31-03-2015,2015,PRGO,PERRIGO CO PLC,IRL,USD,2015Q1,544.8,-95,-0.3,-102.7,1049.2,1049.2,-7.7,721.3,62314357,5130,228,11052.8,4367.8,637,5.28,9392.0664,167.16,165.55,0.116460284
30-06-2015,2015,PRGO,PERRIGO CO PLC,IRL,USD,2015Q2,720.4,56.5,-15.3,157.4,1531.6,1531.6,100.9,1104.8,133172697,3182.9,209,16537.7,5246.9,838.9,5.28,9392.0664,165.55,184.83,-0.149109993
30-09-2015,2016,PRGO,PERRIGO CO PLC,IRL,USD,2015Q3,619.9,112.6,-13,132.2,1344.7,1344.7,19.6,958.2,79230994,2880.8,197.4,16822.3,5229.9,888,4.87,9775,184.83,157.27,-0.079926241
31-12-2015,2016,PRGO,PERRIGO CO PLC,IRL,USD,2015Q4,712.9,-107,-13.9,-155.4,1424.8,1424.8,-48.4,1046.9,134062163,2744.4,239.2,16649.5,4971.6,844.4,4.87,9775,157.27,144.7,-0.115894955
31-03-2016,2016,PRGO,PERRIGO CO PLC,IRL,USD,2016Q1,704.5,-529.2,-206.9,-490.1,1347.3,1347.3,39.1,1059.9,115757428,3014.6,284.6,16485.1,5902.7,905.1,4.87,9775,144.7,127.93,-0.291253029
30-06-2016,2016,PRGO,PERRIGO CO PLC,IRL,USD,2016Q2,680,-534.3,-927.9,-812.3,1340.5,1340.5,-278,1022.9,197134811,3027.8,309.6,15263.4,5652.5,894.6,4.87,9775,127.93,90.67,0.01830815
30-09-2016,2016,PRGO,PERRIGO CO PLC,IRL,USD,2016Q3,662.3,-1590.2,-679.2,-1902,1261.5,1261.5,-311.8,988.7,135823304,2622,341.1,13266.1,5638,884.6,4.87,9775,90.67,92.33,-0.098559515
31-12-2016,2016,PRGO,PERRIGO CO PLC,IRL,USD,2016Q4,725,-1359.1,-1480.1,-1643.9,1331.3,1331.3,-284.8,1089,109528922,2805.3,272.5,11064.8,5224.5,795,4.87,9775,92.33,83.23,-0.20233089
31-03-2017,2017,PRGO,PERRIGO CO PLC,IRL,USD,2017Q1,620.2,71.6,42.6,95.8,1194,1194,24.2,941.5,125831501,5113.4,459.6,8866,4618.9,800.2,4.36,10103.0918,83.23,66.39,0.137520711
30-06-2017,2017,PRGO,PERRIGO CO PLC,IRL,USD,2017Q2,622,-69.6,-71,-76.2,1237.9,1237.9,-6.6,948.7,116697158,2821.3,455.6,8970.9,3267.9,818.1,4.36,10103.0918,66.39,75.52,0.120895127
30-09-2017,2017,PRGO,PERRIGO CO PLC,IRL,USD,2017Q3,621.1,44.4,-6.2,128.6,1231.2,1231.2,84.2,947.9,96874478,2971.8,433.7,8870.8,3275.7,821.9,4.36,10103.0918,75.52,84.65,0.029651506
31-12-2017,2017,PRGO,PERRIGO CO PLC,IRL,USD,2017Q4,658.6,73.2,-11.2,131.9,1283.1,1283.1,58.7,1007,74527042,2819.6,408.7,8809.2,3270.8,806.9,4.36,10103.0918,84.65,87.16,-0.043827444
31-03-2018,2018,PRGO,PERRIGO CO PLC,IRL,USD,2018Q1,614.8,80.8,-12.6,110.5,1217,1217,29.7,955.6,63284382,2900.7,339.9,8738.9,3280.6,843.8,3.9,10515.3232,87.16,83.34,-0.125149988
30-06-2018,2018,PRGO,PERRIGO CO PLC,IRL,USD,2018Q2,607.1,36.2,41.1,55.3,1186.4,1186.4,19.1,982.4,75294637,2778.5,324.4,8447.1,3085.3,883.8,3.9,10515.3232,83.34,72.91,-0.028939789
30-09-2018,2018,PRGO,PERRIGO CO PLC,IRL,USD,2018Q3,602.1,-67.4,25.7,-78.9,1133.1,1133.1,-11.5,902,88405440,2768.8,333.7,8174.1,3071,885.3,3.9,10515.3232,72.91,70.8,-0.452683616
31-12-2018,2018,PRGO,PERRIGO CO PLC,IRL,USD,2018Q4,652.6,81.4,128.5,203.7,1195.2,1195.2,122.3,981.7,115388877,2902.2,344.6,8081.2,3052.2,878,3.9,10515.3232,70.8,38.75,0.24283871
31-03-2019,2019,PRGO,PERRIGO CO PLC,IRL,USD,2019Q1,629.1,63.9,4.4,80.9,1174.5,1174.5,17,951.4,86319663,3009.3,356,8110.2,2866.3,912.9,3.67,10921.0127,38.75,48.16,-0.011212625
30-06-2019,2019,PRGO,PERRIGO CO PLC,IRL,USD,2019Q2,623.3,9,-22.4,27,1149,1149,18,943.7,79741289,3435.4,353.9,7993.3,3191.8,940.5,3.67,10921.0127,48.16,47.62,0.173666527
30-09-2019,2019,PRGO,PERRIGO CO PLC,IRL,USD,2019Q3,670.6,92.2,-6.1,97.3,1191.1,1191.1,5.1,980.8,79026245,2739.8,352,8571,3464.8,990.5,3.67,10921.0127,47.62,55.89,-0.07568438
31-12-2019,2019,PRGO,PERRIGO CO PLC,IRL,USD,2019Q4,738.9,-19,-27.4,-34.2,1322.8,1322.8,-15.2,1079.8,64853419,2756.9,357.4,8544.5,3467.5,967.3,3.67,10921.0127,55.89,51.66,-0.069105691
31-03-2014,2014,AZN,ASTRAZENECA PLC,GBR,USD,2014Q1,730,504,15,638,6579,6579,132,4431,145089972,16542,1815,42848,7553,2163,6.17,8939.3965,62,64.88,0.145345253
30-06-2014,2014,AZN,ASTRAZENECA PLC,GBR,USD,2014Q2,596,796,11,866,6879,6879,69,4555,339373713,16204,1736,42335,7574,2249,6.17,8939.3965,64.88,74.31,-0.038621989
30-09-2014,2014,AZN,ASTRAZENECA PLC,GBR,USD,2014Q3,516,254,17,322,6727,6727,69,4635,144748724,15072,1798,41092,7527,1957,6.17,8939.3965,74.31,71.44,-0.014837626
31-12-2014,2014,AZN,ASTRAZENECA PLC,GBR,USD,2014Q4,611,-321,29,-580,6989,6989,-259,5962,119177448,16697,1684,41898,8397,1960,6.17,8939.3965,71.44,70.38,-0.027706735
31-03-2015,2015,AZN,ASTRAZENECA PLC,GBR,USD,2015Q1,377,550,6,678,6434,6434,126,4448,101605139,12691,1872,41010,8270,1968,5.28,9392.0664,70.38,68.43,-0.068975595
30-06-2015,2015,AZN,ASTRAZENECA PLC,GBR,USD,2015Q2,293,697,11,658,6506,6506,-38,4541,84038680,13812,1813,41357,8303,2198,5.28,9392.0664,68.43,63.71,-0.500549364
30-09-2015,2015,AZN,ASTRAZENECA PLC,GBR,USD,2015Q3,447,770,7,931,6398,6398,161,4467,155003862,13199,1870,40919,8276,2193,5.28,9392.0664,63.71,31.82,0.066939032
31-12-2015,2015,AZN,ASTRAZENECA PLC,GBR,USD,2015Q4,519,808,6,802,6870,6870,-6,4871,196786840,16007,1740,44117,14137,2143,5.28,9392.0664,31.82,33.95,-0.170544919
31-03-2016,2016,AZN,ASTRAZENECA PLC,GBR,USD,2016Q1,426,646,10,723,6170,6170,98,4408,303804431,12769,1901,51554,14144,2344,4.87,9775,33.95,28.16,0.072088068
30-06-2016,2016,AZN,ASTRAZENECA PLC,GBR,USD,2016Q2,456,-3,9,-30,5973,5973,1,4615,275338845,13320,1861,51099,16519,2422,4.87,9775,28.16,30.19,0.088439881
30-09-2016,2016,AZN,ASTRAZENECA PLC,GBR,USD,2016Q3,230,1014,3,676,5785,5785,-319,3924,383077993,12866,1862,50356,14744,2420,4.87,9775,30.19,32.86,-0.168594035
31-12-2016,2016,AZN,ASTRAZENECA PLC,GBR,USD,2016Q4,527,1842,12,2183,6705,6705,366,4478,460458021,13262,1445,49264,14501,2334,4.87,9775,32.86,27.32,0.139824305
31-03-2017,2017,AZN,ASTRAZENECA PLC,GBR,USD,2017Q1,198,537,-2,582,5717,5717,70,3830,357327117,11637,1576,49322,14563,2652,4.36,10103.0918,27.32,31.14,0.094733462
30-06-2017,2017,AZN,ASTRAZENECA PLC,GBR,USD,2017Q2,291,477,15,492,5654,5654,46,4000,247925071,14298,2461,50821,16792,2901,4.36,10103.0918,31.14,34.09,-0.006160164
30-09-2017,2017,AZN,ASTRAZENECA PLC,GBR,USD,2017Q3,547,686,8,746,6374,6374,97,4421,344117152,13634,2624,50953,16911,3162,4.36,10103.0918,34.09,33.88,0.02420307
31-12-2017,2017,AZN,ASTRAZENECA PLC,GBR,USD,2017Q4,65,1301,37,407,6628,6628,-854,4585,198235717,13150,3395,50204,15560,3035,4.36,10103.0918,33.88,34.7,0.00778098
31-03-2018,2018,AZN,ASTRAZENECA PLC,GBR,USD,2018Q1,4147,340,21,374,5238,5238,58,4147,249027663,13182,2995,50099,15684,3283,3.9,10515.3232,34.7,34.97,0.004003432
30-06-2018,2018,AZN,ASTRAZENECA PLC,GBR,USD,2018Q2,4223,350,24,412,5762,5762,93,4223,247713258,12449,2793,48895,15452,3118,3.9,10515.3232,34.97,35.11,0.127029336
30-09-2018,2018,AZN,ASTRAZENECA PLC,GBR,USD,2018Q3,4145,431,-10,477,5778,5778,71,4145,247699661,13108,2655,48335,18422,3027,3.9,10515.3232,35.11,39.57,-0.040181956
31-12-2018,2018,AZN,ASTRAZENECA PLC,GBR,USD,2018Q4,4255,1034,-10,730,7392,7392,-279,4255,289081606,15591,2997,45060,17359,2890,3.9,10515.3232,39.57,37.98,0.064507636
31-03-2019,2019,AZN,ASTRAZENECA PLC,GBR,USD,2019Q1,4216,593,28,758,6084,6084,195,4216,335355049,13649,2625,47406,17859,3050,3.67,10921.0127,37.98,40.43,0.021023992
30-06-2019,2019,AZN,ASTRAZENECA PLC,GBR,USD,2019Q2,4593,130,9,141,5936,5936,34,4593,260317747,15219,2712,46670,17869,3197,3.67,10921.0127,40.43,41.28,0.079699612
30-09-2019,2019,AZN,ASTRAZENECA PLC,GBR,USD,2019Q3,5148,299,5,409,6741,6741,129,5148,213534485,13520,2610,45386,17581,3129,3.67,10921.0127,41.28,44.57,0.118689702
31-12-2019,2019,AZN,ASTRAZENECA PLC,GBR,USD,2019Q4,5549,313,14,240,7164,7164,-37,5549,187244244,15563,3181,45814,16217,3193,3.67,10921.0127,44.57,49.86,-0.104292018
31-03-2014,2014,NVS,NOVARTIS AG,CHE,USD,2014Q1,4082,2941,351,2837,12832,12832,383,9890,113341205,29688,18865,95644,15202,7860,6.17,8939.3965,75,85.02,0.06480828
30-06-2014,2014,NVS,NOVARTIS AG,CHE,USD,2014Q2,4336,2555,125,3147,13411,13411,424,10320,107790441,34973,19392,90795,12874,6880,6.17,8939.3965,85.02,90.53,0.039765823
30-09-2014,2014,NVS,NOVARTIS AG,CHE,USD,2014Q3,4376,3223,793,3532,13046,13046,430,10082,75964932,36788,18740,88589,12670,6512,6.17,8939.3965,90.53,94.13,-0.0156167
31-12-2014,2014,NVS,NOVARTIS AG,CHE,USD,2014Q4,4369,1491,635,2756,13130,13130,308,10847,81641999,37561,8727,87826,13799,6093,6.17,8939.3965,94.13,92.66,0.064213253
31-03-2015,2015,NVS,NOVARTIS AG,CHE,USD,2015Q1,3950,13005,142,2678,11961,11961,372,9274,127153402,25710,26473,109225,14834,6271,5.28,9392.0664,92.66,98.61,-0.002738059
30-06-2015,2015,NVS,NOVARTIS AG,CHE,USD,2015Q2,4456,1836,33,2156,12694,12694,300,10238,79685432,24746,27569,110667,13301,6614,5.28,9392.0664,98.61,98.34,-0.06528371
30-09-2015,2015,NVS,NOVARTIS AG,CHE,USD,2015Q3,4353,1888,316,2169,12265,12265,357,9977,127533587,24045,27072,108882,13412,6562,5.28,9392.0664,98.34,91.92,-0.063968668
31-12-2015,2015,NVS,NOVARTIS AG,CHE,USD,2015Q4,4492,1054,-217,1131,12520,12520,77,10701,116078994,22845,10228,108711,16327,6226,5.28,9392.0664,91.92,86.04,-0.158066016
31-03-2016,2016,NVS,NOVARTIS AG,CHE,USD,2016Q1,4192,2011,279,2352,11600,11600,341,9508,151419763,22993,27351,109455,16465,6630,4.87,9775,86.04,72.44,0.139011596
30-06-2016,2016,NVS,NOVARTIS AG,CHE,USD,2016Q2,4416,1804,194,2113,12470,12470,307,10203,136084991,23722,26904,107714,16276,6674,4.87,9775,72.44,82.51,-0.043025088
30-09-2016,2016,NVS,NOVARTIS AG,CHE,USD,2016Q3,4355,1940,229,2274,12126,12126,329,9912,85109199,25883,27723,108124,18259,6773,4.87,9775,82.51,78.96,-0.077507599
31-12-2016,2016,NVS,NOVARTIS AG,CHE,USD,2016Q4,4471,957,-79,1078,12322,12322,142,10862,197839107,24931,11454,105193,17897,6255,4.87,9775,78.96,72.84,0.01963207
31-03-2017,2017,NVS,NOVARTIS AG,CHE,USD,2017Q1,4095,1666,319,1947,11539,11539,282,10033,205666117,25766,27722,106220,22933,6583,4.36,10103.0918,72.84,74.27,0.123872358
30-06-2017,2017,NVS,NOVARTIS AG,CHE,USD,2017Q2,4240,1980,371,2315,12242,12242,336,10106,144374560,26538,27926,107211,22999,6901,4.36,10103.0918,74.27,83.47,0.028513238
30-09-2017,2017,NVS,NOVARTIS AG,CHE,USD,2017Q3,4312,2081,341,2436,12413,12413,353,10195,99991531,27466,28692,107506,23163,6954,4.36,10103.0918,83.47,85.85,-0.022015143
31-12-2017,2017,NVS,NOVARTIS AG,CHE,USD,2017Q4,4403,1976,407,2301,12915,12915,325,10906,99336268,28208,9696,104871,23224,6867,4.36,10103.0918,85.85,83.96,-0.037041448
31-03-2018,2018,NVS,NOVARTIS AG,CHE,USD,2018Q1,3449,2025,365,2340,10928,10928,370,8707,101614258,33051,11426,102473,23199,7227,3.9,10515.3232,83.96,80.85,-0.06567718
30-06-2018,2018,NVS,NOVARTIS AG,CHE,USD,2018Q2,3552,7768,480,8171,11359,11359,443,9158,110495429,32065,11475,109993,22760,7097,3.9,10515.3232,80.85,75.54,0.140587768
30-09-2018,2018,NVS,NOVARTIS AG,CHE,USD,2018Q3,3468,1623,311,2251,11044,11044,369,8860,111168088,34113,11810,108881,22605,6952,3.9,10515.3232,75.54,86.16,-0.00406221
31-12-2018,2018,NVS,NOVARTIS AG,CHE,USD,2018Q4,3574,1195,-31,1333,11502,11502,113,9508,179333725,35563,11939,110000,22470,6956,3.9,10515.3232,86.16,85.81,0.12038224
31-03-2019,2019,NVS,NOVARTIS AG,CHE,USD,2019Q1,3175,1766,124,2140,11159,11159,272,8917,124481820,52448,10191,85498,22889,5728,3.67,10921.0127,85.81,96.14,-0.050239234
30-06-2019,2019,NVS,NOVARTIS AG,CHE,USD,2019Q2,3317,6799,343,2634,11764,11764,525,8879,157463458,28320,11964,87974,22116,6094,3.67,10921.0127,96.14,91.31,-0.04829701
30-09-2019,2019,NVS,NOVARTIS AG,CHE,USD,2019Q3,3648,2042,319,2407,12172,12172,366,9411,123679179,26675,11452,89296,21833,6123,3.67,10921.0127,91.31,86.9,0.089643268
31-12-2019,2019,NVS,NOVARTIS AG,CHE,USD,2019Q4,3875,1125,327,1759,12403,12403,630,10641,104552110,29504,8806,88866,22056,5982,3.67,10921.0127,86.9,94.69,-0.129263914
31-03-2014,2014,CORT,CORCEPT THERAPEUTICS INC,USA,USD,2014Q1,0.146,-13.93,-0.027,-13.93,4.405,4.405,0,17.236,32417449,48.12,4.426,4.711,28.218,1.127,6.17,8939.3965,5,4.36,-0.357798165
30-06-2014,2014,CORT,CORCEPT THERAPEUTICS INC,USA,USD,2014Q2,0.178,-7.551,-0.035,-7.551,5.85,5.85,0,12.394,40633092,39.437,4.657,4.953,27.636,1.072,6.17,8939.3965,4.36,2.8,-0.042857143
30-09-2014,2014,CORT,CORCEPT THERAPEUTICS INC,USA,USD,2014Q3,0.196,-6.007,-0.01,-6.007,7.282,7.282,0,12.345,12482040,32.375,4.511,4.784,25.99,1.08,6.17,8939.3965,2.8,2.68,0.119402985
31-12-2014,2014,CORT,CORCEPT THERAPEUTICS INC,USA,USD,2014Q4,0.221,-3.895,-0.014,-3.895,9.014,9.014,0,12.054,12426782,30.23,4.164,4.4,24.463,1.207,6.17,8939.3965,2.68,3,0.866666667
31-03-2015,2015,CORT,CORCEPT THERAPEUTICS INC,USA,USD,2015Q1,0.262,-4.83,-0.038,-4.83,10.102,10.102,0,14.092,14989744,44.186,3.808,4.038,22.126,1.31,5.28,9392.0664,3,5.6,0.073214286
30-06-2015,2015,CORT,CORCEPT THERAPEUTICS INC,USA,USD,2015Q2,0.382,-1.936,-0.033,-1.936,11.956,11.956,0,13.065,25568753,44.691,3.491,3.664,19.399,1.451,5.28,9392.0664,5.6,6.01,-0.37437604
30-09-2015,2015,CORT,CORCEPT THERAPEUTICS INC,USA,USD,2015Q3,0.226,-0.601,-0.006,-0.601,13.261,13.261,0,13.129,20421124,45.179,3.055,3.198,16.133,1.604,5.28,9392.0664,6.01,3.76,0.324468085
31-12-2015,2015,CORT,CORCEPT THERAPEUTICS INC,USA,USD,2015Q4,0.336,0.959,-0.04,0.959,14.967,14.967,0,13.288,18111983,48.98,2.859,2.957,12.563,1.682,5.28,9392.0664,3.76,4.98,-0.060240964
31-03-2016,2016,CORT,CORCEPT THERAPEUTICS INC,USA,USD,2016Q1,0.376,-0.019,-0.027,-0.019,16.061,16.061,0,15.442,14787166,50.514,2.305,2.398,8.719,1.912,4.87,9775,4.98,4.68,0.166666667
30-06-2016,2016,CORT,CORCEPT THERAPEUTICS INC,USA,USD,2016Q2,0.402,0.977,-0.008,0.977,19.724,19.724,0,18.192,22198012,54.778,1.984,2.06,3.744,2.134,4.87,9775,4.68,5.46,0.19047619
30-09-2016,2016,CORT,CORCEPT THERAPEUTICS INC,USA,USD,2016Q3,0.647,2.585,-0.032,2.585,21.724,21.724,0,18.631,18013933,59.781,3.004,3.149,0,2.327,4.87,9775,5.46,6.5,0.116923077
31-12-2016,2016,CORT,CORCEPT THERAPEUTICS INC,USA,USD,2016Q4,0.546,4.597,-0.043,4.597,23.812,23.812,0,18.79,45917532,65.689,2.859,3.064,0,2.329,4.87,9775,6.5,7.26,0.509641873
31-03-2017,2017,CORT,CORCEPT THERAPEUTICS INC,USA,USD,2017Q1,0.633,4.388,0.045,4.515,27.599,27.599,0.127,22.846,49010547,66.675,3.869,8.664,0,2.888,4.36,10103.0918,7.26,10.96,0.076642336
30-06-2017,2017,CORT,CORCEPT THERAPEUTICS INC,USA,USD,2017Q2,0.766,12.647,0.051,12.697,35.559,35.559,0.05,22.755,65883731,81.285,3.259,5.252,0,3.089,4.36,10103.0918,10.96,11.8,0.63559322
30-09-2017,2017,CORT,CORCEPT THERAPEUTICS INC,USA,USD,2017Q3,0.94,13.757,0.123,13.709,42.763,42.763,-0.048,29.104,76299926,93.942,14.669,16.73,0,3.828,4.36,10103.0918,11.8,19.3,-0.064248705
31-12-2017,2017,CORT,CORCEPT THERAPEUTICS INC,USA,USD,2017Q4,1.109,98.33,0.188,21.885,53.28,53.28,-76.445,31.535,112082063,124.185,80.553,96.352,0,4.576,4.36,10103.0918,19.3,18.06,-0.089147287
31-03-2018,2018,CORT,CORCEPT THERAPEUTICS INC,USA,USD,2018Q1,1.126,17.459,0.294,21.289,57.659,57.659,3.83,36.616,127521170,150.823,76.566,92.153,0,4.876,3.9,10515.3232,18.06,16.45,-0.0443769
30-06-2018,2018,CORT,CORCEPT THERAPEUTICS INC,USA,USD,2018Q2,1.097,18.196,0.562,21.196,62.312,62.312,3,41.621,72558837,197.175,76.655,77.207,0,4.947,3.9,10515.3232,16.45,15.72,-0.108142494
30-09-2018,2018,CORT,CORCEPT THERAPEUTICS INC,USA,USD,2018Q3,1.25,17.747,0.759,23.728,64.445,64.445,5.981,41.418,82232199,224.191,73.539,75.56,0,5.362,3.9,10515.3232,15.72,14.02,-0.047075606
31-12-2018,2018,CORT,CORCEPT THERAPEUTICS INC,USA,USD,2018Q4,1.506,22.008,1.042,25.94,66.831,66.831,3.932,41.86,91496417,236.82,74.219,74.874,0,4.732,3.9,10515.3232,14.02,13.36,-0.121257485
31-03-2019,2019,CORT,CORCEPT THERAPEUTICS INC,USA,USD,2019Q1,1.144,18.274,1.097,20.053,64.829,64.829,1.779,45.777,94293534,216.864,72.116,103.348,0,5,3.67,10921.0127,13.36,11.74,-0.050255537
30-06-2019,2019,CORT,CORCEPT THERAPEUTICS INC,USA,USD,2019Q2,1.21,20.186,1.178,25.811,72.257,72.257,5.625,47.457,43820208,232.655,69.576,96.024,0,5.142,3.67,10921.0127,11.74,11.15,0.267713004
30-09-2019,2019,CORT,CORCEPT THERAPEUTICS INC,USA,USD,2019Q3,1.24,26.34,1.351,34.352,81.505,81.505,8.012,48.293,44280819,267.31,62.493,99.712,0,5.462,3.67,10921.0127,11.15,14.135,-0.143968872
31-12-2019,2019,CORT,CORCEPT THERAPEUTICS INC,USA,USD,2019Q4,1.207,29.381,1.444,36.46,87.895,87.895,7.079,52.65,61023082,307.358,61.106,104.954,1.903,5.424,3.67,10921.0127,14.135,12.1,-0.017355372
31-03-2014,2013,PBH,PRESTIGE CONSUMER HEALTHCARE,USA,USD,2014Q1,64.216,16.001,0.016,26.703,143.053,143.053,10.702,94.375,26151120,177.185,23.153,1618.478,934.414,65.586,7.37,8522.126,20,27.25,0.243669725
30-06-2014,2014,PBH,PRESTIGE CONSUMER HEALTHCARE,USA,USD,2014Q2,63.706,16.732,0.032,28.15,145.702,145.702,11.418,94.658,23550246,160.097,22.376,1693.853,969.558,66.171,6.17,8939.3965,27.25,33.89,-0.044850988
30-09-2014,2014,PBH,PRESTIGE CONSUMER HEALTHCARE,USA,USD,2014Q3,77.958,16.463,0.015,28.325,181.269,181.269,11.862,118.051,16214119,222.373,32.937,2503.297,1685.111,82.875,6.17,8939.3965,33.89,32.37,0.072598085
31-12-2014,2014,PBH,PRESTIGE CONSUMER HEALTHCARE,USA,USD,2014Q4,84.535,21.293,0.02,33.534,197.606,197.606,12.241,128.475,21097685,200.762,30.769,2479.834,1637.961,75.24,6.17,8939.3965,32.37,34.72,0.23531106
31-03-2015,2014,PBH,PRESTIGE CONSUMER HEALTHCARE,USA,USD,2015Q1,79.976,23.772,0.025,37.449,190.046,190.046,13.677,121.468,20134111,201.707,28.603,2467.698,1588.711,74,6.17,8939.3965,34.72,42.89,0.078106785
30-06-2015,2015,PBH,PRESTIGE CONSUMER HEALTHCARE,USA,USD,2015Q2,79.896,26.173,0.027,40.17,192.132,192.132,13.997,122.501,21784117,201.059,1.562,2435.443,1506.541,74.077,5.28,9392.0664,42.89,46.24,-0.023356401
30-09-2015,2015,PBH,PRESTIGE CONSUMER HEALTHCARE,USA,USD,2015Q3,86.125,31.803,0.033,49.231,206.065,206.065,17.428,130.48,17691276,205.779,1.462,2421.112,1471.864,77.137,5.28,9392.0664,46.24,45.16,0.139946856
31-12-2015,2015,PBH,PRESTIGE CONSUMER HEALTHCARE,USA,USD,2015Q4,83.411,27.995,0.031,43.181,200.195,200.195,15.186,130.465,20361520,228.155,1.352,2412.844,1447.032,80.671,5.28,9392.0664,45.16,51.48,0.037101787
31-03-2016,2015,PBH,PRESTIGE CONSUMER HEALTHCARE,USA,USD,2016Q1,88.217,13.936,0.071,24.603,207.855,207.855,10.667,133.616,28688063,249.013,1.324,2699.778,1625.309,91.263,5.28,9392.0664,51.48,53.39,0.0376475
30-06-2016,2016,PBH,PRESTIGE CONSUMER HEALTHCARE,USA,USD,2016Q2,87.984,-5.531,0.057,-8.913,209.575,209.575,-3.382,132.951,38804665,281.358,1.918,2597.082,1577.414,92.867,4.87,9775,53.39,55.4,-0.128700361
30-09-2016,2016,PBH,PRESTIGE CONSUMER HEALTHCARE,USA,USD,2016Q3,91.087,32.195,0.046,50.228,215.052,215.052,18.033,136.953,26417272,279.673,4.783,2551.305,1479.663,97.959,4.87,9775,55.4,48.27,0.079345349
31-12-2016,2016,PBH,PRESTIGE CONSUMER HEALTHCARE,USA,USD,2016Q4,92.216,31.641,0.046,50.733,216.763,216.763,19.092,141.847,23100283,291.21,4.914,2519.642,1415.579,100.926,4.87,9775,48.27,52.1,0.066410749
31-03-2017,2016,PBH,PRESTIGE CONSUMER HEALTHCARE,USA,USD,2017Q1,107.456,11.09,0.054,18.802,240.67,240.67,7.712,166.237,20003573,334.434,7.454,3576.914,2193.732,115.609,4.87,9775,52.1,55.56,-0.04949604
30-06-2017,2017,PBH,PRESTIGE CONSUMER HEALTHCARE,USA,USD,2017Q2,109.181,33.759,0.143,52.688,256.573,256.573,18.929,165.912,27757346,328.225,7.143,3571.336,2145.409,118.707,4.36,10103.0918,55.56,52.81,-0.051505397
30-09-2017,2017,PBH,PRESTIGE CONSUMER HEALTHCARE,USA,USD,2017Q3,111.437,30.705,0.517,49.321,258.026,258.026,18.616,171.967,26150224,331.072,7.023,3571.121,2092.088,119.484,4.36,10103.0918,52.81,50.09,-0.113395887
31-12-2017,2017,PBH,PRESTIGE CONSUMER HEALTHCARE,USA,USD,2017Q4,121.73,314.793,-0.268,57.639,270.615,270.615,-257.154,177.276,33872356,332.128,6.405,3565.794,2053.269,114.894,4.36,10103.0918,50.09,44.41,-0.240711551
31-03-2018,2017,PBH,PRESTIGE CONSUMER HEALTHCARE,USA,USD,2018Q1,113.609,-39.687,0.388,-52.562,255.965,255.965,-12.875,170.968,50213529,303.477,3.569,3457.135,1992.952,118.547,4.36,10103.0918,44.41,33.72,0.138196916
30-06-2018,2018,PBH,PRESTIGE CONSUMER HEALTHCARE,USA,USD,2018Q2,111.899,34.466,0.013,46.46,253.98,253.98,11.994,171.529,57320517,314.478,66.281,3454.242,1993.803,118.957,3.9,10515.3232,33.72,38.38,-0.012767066
30-09-2018,2018,PBH,PRESTIGE CONSUMER HEALTHCARE,USA,USD,2018Q3,100.647,30.841,-0.302,43.519,239.357,239.357,12.678,158.873,31133400,314.5,3.36,3383.195,1895.835,113.569,3.9,10515.3232,38.38,37.89,-0.185009237
31-12-2018,2018,PBH,PRESTIGE CONSUMER HEALTHCARE,USA,USD,2018Q4,100.997,38.167,-0.179,50.996,241.414,241.414,12.829,155.986,31554463,293.177,3.557,3374.905,1842.288,120.368,3.9,10515.3232,37.89,30.88,-0.031411917
31-03-2019,2018,PBH,PRESTIGE CONSUMER HEALTHCARE,USA,USD,2019Q1,101.756,-139.274,0.209,-179.03,241.026,241.026,-39.756,157.488,34101735,300.938,3.129,3140.098,1798.598,119.88,3.9,10515.3232,30.88,29.91,0.059177533
30-06-2019,2019,PBH,PRESTIGE CONSUMER HEALTHCARE,USA,USD,2019Q2,97.1,33.925,-0.373,46.05,232.154,232.154,12.125,153.607,28741916,310.521,3.038,3150.189,1791.906,129.388,3.67,10921.0127,29.91,31.68,0.095012626
30-09-2019,2019,PBH,PRESTIGE CONSUMER HEALTHCARE,USA,USD,2019Q3,98.911,33.252,-0.827,44.012,238.069,238.069,10.76,160.092,26349485,304.886,3.216,3159.874,1781.628,126.362,3.67,10921.0127,31.68,34.69,0.167483425
31-12-2019,2019,PBH,PRESTIGE CONSUMER HEALTHCARE,USA,USD,2019Q4,100.345,38.058,0.825,50.554,241.552,241.552,12.496,155.212,18999715,300.369,4.189,3163.833,1732.238,121.363,3.67,10921.0127,34.69,40.5,-0.094320988
31-03-2014,2014,JAZZ,JAZZ PHARMACEUTICALS PLC,IRL,USD,2014Q1,22.897,-92.65,0.123,-76.612,246.919,246.919,17.027,128.332,74153986,517.32,129.442,2679.114,1189.096,36.988,6.17,8939.3965,130,138.68,0.06006634
30-06-2014,2014,JAZZ,JAZZ PHARMACEUTICALS PLC,IRL,USD,2014Q2,27.902,43.659,0.074,62.936,291.23,291.23,19.35,142.116,57850003,544.912,132.057,2610.837,1186.96,33.098,6.17,8939.3965,138.68,147.01,0.092170601
30-09-2014,2014,JAZZ,JAZZ PHARMACEUTICALS PLC,IRL,USD,2014Q3,26.821,25.766,6.483,49.989,306.584,306.584,24.221,140.172,61466750,878.52,149.799,2469.016,1331.34,37.612,6.17,8939.3965,147.01,160.56,0.019743398
31-12-2014,2014,JAZZ,JAZZ PHARMACEUTICALS PLC,IRL,USD,2014Q4,28.633,81.612,2.003,115.244,328.142,328.142,33.633,149.738,46312926,1015.845,124.599,2323.11,1333,30.037,6.17,8939.3965,160.56,163.73,0.055335003
31-03-2015,2015,JAZZ,JAZZ PHARMACEUTICALS PLC,IRL,USD,2015Q1,26.066,70.7,2.245,102.759,309.303,309.303,32.059,164.727,41835691,1102.935,124.597,2134.658,1334.661,30.692,5.28,9392.0664,163.73,172.79,0.01898258
30-06-2015,2015,JAZZ,JAZZ PHARMACEUTICALS PLC,IRL,USD,2015Q2,19.45,88.114,-1.914,118.76,333.747,333.747,30.647,154.415,31804629,1244.91,120.966,2148.364,1337.986,30.781,5.28,9392.0664,172.79,176.07,-0.245697734
30-09-2015,2015,JAZZ,JAZZ PHARMACEUTICALS PLC,IRL,USD,2015Q3,25.837,87.96,-0.977,117.905,340.872,340.872,29.945,180.665,34542783,1314.943,126.099,2149.357,1172.103,30.018,5.28,9392.0664,176.07,132.81,0.05835404
31-12-2015,2015,JAZZ,JAZZ PHARMACEUTICALS PLC,IRL,USD,2015Q4,21.279,82.761,2.091,96.509,340.881,340.881,13.748,158.289,45067434,1257.667,173.679,2101.996,1166.916,19.451,5.28,9392.0664,132.81,140.56,-0.071215139
31-03-2016,2016,JAZZ,JAZZ PHARMACEUTICALS PLC,IRL,USD,2016Q1,20.802,75.812,-0.819,108.151,336.01,336.01,32.339,174.869,40698830,1270.618,158.422,2264.361,1146.433,25.369,4.87,9775,140.56,130.55,0.082420529
30-06-2016,2016,JAZZ,JAZZ PHARMACEUTICALS PLC,IRL,USD,2016Q2,21.463,114.502,0,156.614,381.161,381.161,42.112,180.983,54526401,1230.89,161.122,2217.204,1141.652,33.291,4.87,9775,130.55,141.31,-0.140329771
30-09-2016,2016,JAZZ,JAZZ PHARMACEUTICALS PLC,IRL,USD,2016Q3,21.149,89.828,-0.852,116.265,374.181,374.181,26.437,182.573,43781867,744.229,48.022,4186.352,2147.379,32.351,4.87,9775,141.31,121.48,-0.102486006
31-12-2016,2016,JAZZ,JAZZ PHARMACEUTICALS PLC,IRL,USD,2016Q4,30.035,116.689,4.664,151.037,396.621,396.621,34.348,200.66,38755127,748.069,38.857,4052.158,1993.531,34.051,4.87,9775,121.48,109.03,0.331101532
31-03-2017,2017,JAZZ,JAZZ PHARMACEUTICALS PLC,IRL,USD,2017Q1,21.935,86.511,-1.625,115.671,376.053,376.053,29.16,205.118,38072671,752.853,44.988,4062.971,1739.594,37.653,4.36,10103.0918,109.03,145.13,0.07145318
30-06-2017,2017,JAZZ,JAZZ PHARMACEUTICALS PLC,IRL,USD,2017Q2,25.579,105.604,-5.63,141.119,394.386,394.386,35.515,198.064,31487234,662.504,45.501,4141.52,1635.8,39.658,4.36,10103.0918,145.13,155.5,-0.059485531
30-09-2017,2017,JAZZ,JAZZ PHARMACEUTICALS PLC,IRL,USD,2017Q3,28.138,63.526,-2.497,64.765,411.855,411.855,1.239,200.023,27314659,830.944,48.231,4168.08,1543.819,41.344,4.36,10103.0918,155.5,146.25,-0.079316239
31-12-2017,2017,JAZZ,JAZZ PHARMACEUTICALS PLC,IRL,USD,2017Q4,21.447,232.207,-1.226,118.553,436.399,436.399,-113.654,230.492,29078229,968.277,58.651,4155.395,1540.433,43.245,4.36,10103.0918,146.25,134.65,0.121351652
31-03-2018,2018,JAZZ,JAZZ PHARMACEUTICALS PLC,IRL,USD,2018Q1,30.197,45.991,-2.065,65.137,444.613,444.613,19.146,243.077,26839983,1126.321,68.232,4160.807,1537.044,46.384,3.9,10515.3232,134.65,150.99,0.141135175
30-06-2018,2018,JAZZ,JAZZ PHARMACEUTICALS PLC,IRL,USD,2018Q2,30.979,92.321,-3.283,128.845,500.479,500.479,36.524,245.69,36646392,1306.931,75.18,4042.036,1558.314,46.156,3.9,10515.3232,150.99,172.3,-0.024201973
30-09-2018,2018,JAZZ,JAZZ PHARMACEUTICALS PLC,IRL,USD,2018Q3,22.668,149.316,-1.193,168.664,469.373,469.373,19.348,229.701,27009533,1464.389,103.643,4021.399,1560.582,43.435,3.9,10515.3232,172.3,168.13,-0.262713377
31-12-2018,2018,JAZZ,JAZZ PHARMACEUTICALS PLC,IRL,USD,2018Q4,22.467,159.47,-2.537,164.614,476.457,476.457,5.144,240.489,43780729,1234.005,110.164,3969.486,1563.025,52.956,3.9,10515.3232,168.13,123.96,0.153194579
31-03-2019,2019,JAZZ,JAZZ PHARMACEUTICALS PLC,IRL,USD,2019Q1,29.967,85.201,-1.504,114.317,508.186,508.186,29.116,258.019,43202474,1305.617,114.882,3974.618,1719.343,60.707,3.67,10921.0127,123.96,142.95,-0.002728227
30-06-2019,2019,JAZZ,JAZZ PHARMACEUTICALS PLC,IRL,USD,2019Q2,24.321,261.898,-2.801,183.248,534.133,534.133,-78.65,262.719,32140390,1370.066,229.235,4118.595,1724.131,68.999,3.67,10921.0127,142.95,142.56,-0.101150393
30-09-2019,2019,JAZZ,JAZZ PHARMACEUTICALS PLC,IRL,USD,2019Q3,27.409,102.276,-2.063,113.179,537.702,537.702,10.903,285.97,29229713,1520.556,231.689,4007.294,1724.215,71.108,3.67,10921.0127,142.56,128.14,0.164975808
31-12-2019,2019,JAZZ,JAZZ PHARMACEUTICALS PLC,IRL,USD,2019Q4,30.891,73.992,-3.532,39.469,581.74,581.74,-34.523,342.548,33000133,1630.268,272.243,3908.629,1725.096,78.608,3.67,10921.0127,128.14,149.28,-0.331859593
31-03-2014,2014,HZNP,HORIZON THERAPEUTICS PUB LTD,IRL,USD,2014Q1,2.216,-206.25,-204.735,-207.355,51.926,51.926,-1.105,40.887,155527567,162.749,6.496,136.385,112.774,11.02,6.17,8939.3965,15,15.12,0.046296296
30-06-2014,2014,HZNP,HORIZON THERAPEUTICS PUB LTD,IRL,USD,2014Q2,6.344,-27.769,-15.582,-26.889,66.062,66.062,0.88,44.571,127131118,197.675,6.161,130.689,0,12.814,6.17,8939.3965,15.12,15.82,-0.223767383
30-09-2014,2014,HZNP,HORIZON THERAPEUTICS PUB LTD,IRL,USD,2014Q3,6.818,2.063,-5.995,-0.979,75.126,75.126,-3.042,48.784,125704342,360.767,15.534,764.128,297.022,27.476,6.17,8939.3965,15.82,12.28,0.049674267
31-12-2014,2014,HZNP,HORIZON THERAPEUTICS PUB LTD,IRL,USD,2014Q4,18.706,-31.647,-3.839,-34.464,103.841,103.841,-2.817,77.7,110998392,326.225,30.325,808.399,297.169,20.879,6.17,8939.3965,12.28,12.89,1.014740109
31-03-2015,2015,HZNP,HORIZON THERAPEUTICS PUB LTD,IRL,USD,2015Q1,8.071,-19.553,-0.828,-17.64,113.141,113.141,1.913,84.237,178803659,735.925,29.347,791.371,566.914,16.478,5.28,9392.0664,12.89,25.97,0.337697343
30-06-2015,2015,HZNP,HORIZON THERAPEUTICS PUB LTD,IRL,USD,2015Q2,12.506,31.814,-0.165,-128.866,172.821,172.821,-160.68,118.279,247071515,898.211,9.615,2044.476,1132.898,23.653,5.28,9392.0664,25.97,34.74,-0.429476108
30-09-2015,2015,HZNP,HORIZON THERAPEUTICS PUB LTD,IRL,USD,2015Q3,15.54,3.277,-0.176,25.256,226.544,226.544,21.979,118.889,236804652,953.628,9.514,2045.29,1137.011,21.47,5.28,9392.0664,34.74,19.82,0.093340061
31-12-2015,2015,HZNP,HORIZON THERAPEUTICS PUB LTD,IRL,USD,2015Q4,18.146,23.994,-0.359,-11.462,244.538,244.538,-35.456,147.057,443475346,1106.147,10.859,1960.8,1141.115,23.073,5.28,9392.0664,19.82,21.67,-0.235348408
31-03-2016,2016,HZNP,HORIZON THERAPEUTICS PUB LTD,IRL,USD,2016Q1,20.105,-45.406,-0.187,-46.849,204.69,204.69,-1.443,162.79,246786866,876.604,4.947,2328.89,1136.18,185.356,4.87,9775,21.67,16.57,-0.006035003
30-06-2016,2016,HZNP,HORIZON THERAPEUTICS PUB LTD,IRL,USD,2016Q2,21.038,14.984,-0.011,12.228,257.378,257.378,-2.756,164.645,326356419,938.044,11.148,2289.414,1139.687,178.37,4.87,9775,16.57,16.47,0.100789314
30-09-2016,2016,HZNP,HORIZON THERAPEUTICS PUB LTD,IRL,USD,2016Q3,23.158,-5.87,-0.129,-33.617,273.702,273.702,-27.747,161.62,242236456,1117.706,12.176,2231.965,1143.224,170.878,4.87,9775,16.47,18.13,-0.107556536
31-12-2016,2016,HZNP,HORIZON THERAPEUTICS PUB LTD,IRL,USD,2016Q4,40.907,-130.542,-0.881,-159.847,310.35,310.35,-29.305,221.738,247508485,1046.282,3.279,3245.777,1799.743,184.98,4.87,9775,18.13,16.18,-0.086526576
31-03-2017,2017,HZNP,HORIZON THERAPEUTICS PUB LTD,IRL,USD,2017Q1,27.429,-90.57,-0.224,-138.123,220.859,220.859,-47.553,198.627,171942768,1197.062,4.8,3177.694,1880.762,150.935,4.36,10103.0918,16.18,14.78,-0.196887686
30-06-2017,2017,HZNP,HORIZON THERAPEUTICS PUB LTD,IRL,USD,2017Q2,25.801,-209.536,0.116,-211.303,289.507,289.507,-1.767,188.2,295015847,1100.611,32.008,3069.33,1883.844,117.287,4.36,10103.0918,14.78,11.87,0.068239259
30-09-2017,2017,HZNP,HORIZON THERAPEUTICS PUB LTD,IRL,USD,2017Q3,29.953,-63.972,0.555,-56.79,271.646,271.646,7.182,195.146,228175914,1161.625,41.633,3007.829,1889.077,99.901,4.36,10103.0918,11.87,12.68,0.151419558
31-12-2017,2017,HZNP,HORIZON THERAPEUTICS PUB LTD,IRL,USD,2017Q4,35.345,-46.448,-0.119,-107.059,274.219,274.219,-60.611,222.228,135857357,1230.305,14.951,2935.787,1891.03,73.07,4.36,10103.0918,12.68,14.6,-0.02739726
31-03-2018,2018,HZNP,HORIZON THERAPEUTICS PUB LTD,IRL,USD,2018Q1,30.815,-148.656,0.041,-147.711,223.881,223.881,0.945,219.224,111004593,1185.098,3.635,2817.747,1866.581,56.533,3.9,10515.3232,14.6,14.2,0.166197183
30-06-2018,2018,HZNP,HORIZON THERAPEUTICS PUB LTD,IRL,USD,2018Q2,31.02,-24.751,0.341,-20.13,302.835,302.835,4.621,217.348,128927749,1234.612,9.509,2755.113,1885.118,57.882,3.9,10515.3232,14.2,16.56,0.18236715
30-09-2018,2018,HZNP,HORIZON THERAPEUTICS PUB LTD,IRL,USD,2018Q3,29.816,33.38,12.819,32.115,325.311,325.311,-1.265,204.541,79262250,1339.185,3.9,2680.201,1890.812,59.145,3.9,10515.3232,16.56,19.58,-0.002042901
31-12-2018,2018,HZNP,HORIZON THERAPEUTICS PUB LTD,IRL,USD,2018Q4,36.86,101.647,30.84,52.594,355.543,355.543,-49.053,230.419,114509441,1548.426,8.777,2597.945,1896.684,55.29,3.9,10515.3232,19.58,19.54,0.352610031
31-03-2019,2019,HZNP,HORIZON THERAPEUTICS PUB LTD,IRL,USD,2019Q1,29.456,-32.863,0.271,-34.783,280.371,280.371,-1.92,221.859,123136821,1559.74,47.303,2375.969,1391.021,54.113,3.67,10921.0127,19.54,26.43,-0.089670829
30-06-2019,2019,HZNP,HORIZON THERAPEUTICS PUB LTD,IRL,USD,2019Q2,31.315,-5.12,-11.034,-9.995,320.647,320.647,-4.875,224.148,113473019,1401.501,49.847,2306.503,1404.378,54.141,3.67,10921.0127,26.43,24.06,0.131753948
30-09-2019,2019,HZNP,HORIZON THERAPEUTICS PUB LTD,IRL,USD,2019Q3,32.254,18.234,0.962,-12.33,335.466,335.466,-30.564,227.492,93008182,1478.804,9.73,2242.618,1383.66,61.207,3.67,10921.0127,24.06,27.23,0.329416085
31-12-2019,2019,HZNP,HORIZON THERAPEUTICS PUB LTD,IRL,USD,2019Q4,37.245,592.769,0.451,36.884,363.545,363.545,-555.885,248.984,87945134,1686.103,563.675,2749.931,1399.341,53.802,3.67,10921.0127,27.23,36.2,-0.181767956
31-03-2014,2014,PCRX,PACIRA BIOSCIENCES INC,USA,USD,2014Q1,15.524,-11.477,-0.012,-11.477,36.662,36.662,0,43.317,28761184,98.478,3.353,65.215,0,15.364,6.17,8939.3965,20,69.99,0.31247321
30-06-2014,2014,PCRX,PACIRA BIOSCIENCES INC,USA,USD,2014Q2,17.621,-5.037,-0.118,-5.037,47.166,47.166,0,47.674,33880797,208.906,3.103,83.174,0,19.194,6.17,8939.3965,69.99,91.86,0.055083823
30-09-2014,2014,PCRX,PACIRA BIOSCIENCES INC,USA,USD,2014Q3,17.999,-3.004,0.217,-3.004,52.048,52.048,0,50.64,27720182,199.24,2.948,106.154,0,23.662,6.17,8939.3965,91.86,96.92,-0.085224928
31-12-2014,2014,PCRX,PACIRA BIOSCIENCES INC,USA,USD,2014Q4,16.261,5.802,0.213,5.975,61.792,61.792,0.173,51.167,34519896,214.257,2.588,111.815,0,29.263,6.17,8939.3965,96.92,88.66,0.002143018
31-03-2015,2015,PCRX,PACIRA BIOSCIENCES INC,USA,USD,2015Q1,14.837,1.26,0.167,1.312,58.316,58.316,0.052,52.232,35666070,219.75,2.432,115.28,0,36.264,5.28,9392.0664,88.66,88.85,-0.204051773
30-06-2015,2015,PCRX,PACIRA BIOSCIENCES INC,USA,USD,2015Q2,14.546,0.008,0.42,0.047,59.147,59.147,0.039,52.947,52618951,229.626,2.252,125.367,0,48.769,5.28,9392.0664,88.85,70.72,-0.418834842
30-09-2015,2015,PCRX,PACIRA BIOSCIENCES INC,USA,USD,2015Q3,12.37,3.086,0.364,3.367,62.213,62.213,0.281,53.573,53728848,233.1,2.595,135.888,0,56.132,5.28,9392.0664,70.72,41.1,0.86836983
31-12-2015,2015,PCRX,PACIRA BIOSCIENCES INC,USA,USD,2015Q4,15.609,-2.498,0.339,-2.606,69.321,69.321,-0.108,66.315,61289479,252.582,2.294,137.041,0,61.645,5.28,9392.0664,41.1,76.79,-0.310066415
31-03-2016,2016,PCRX,PACIRA BIOSCIENCES INC,USA,USD,2016Q1,17.113,-3.854,0.57,-3.822,65.474,65.474,0.032,64.563,52237246,248.625,0.481,142.581,0,63.744,4.87,9775,76.79,52.98,-0.363344658
30-06-2016,2016,PCRX,PACIRA BIOSCIENCES INC,USA,USD,2016Q2,19.837,-7.958,0.682,-7.9,69.64,69.64,0.058,65.684,58045585,257.989,0.677,142.71,0,60.916,4.87,9775,52.98,33.73,0.014527127
30-09-2016,2016,PCRX,PACIRA BIOSCIENCES INC,USA,USD,2016Q3,17.925,-22.165,0.875,-22.129,68.355,68.355,0.036,64.115,48796123,235.444,0.651,145.709,0,37.476,4.87,9775,33.73,34.22,-0.056107539
31-12-2016,2016,PCRX,PACIRA BIOSCIENCES INC,USA,USD,2016Q4,21.579,-3.972,0.605,-3.993,72.902,72.902,-0.021,73.321,54001073,243.089,0.624,148.377,108.738,31.278,4.87,9775,34.22,32.3,0.411764706
31-03-2017,2017,PCRX,PACIRA BIOSCIENCES INC,USA,USD,2017Q1,21.477,-19.866,0.736,-19.836,69.283,69.283,0.03,80.229,74164445,447.964,0.598,151.998,265.992,30.311,4.36,10103.0918,32.3,45.6,0.046052632
30-06-2017,2017,PCRX,PACIRA BIOSCIENCES INC,USA,USD,2017Q2,19.595,-19.743,1.47,-19.713,70.934,70.934,0.03,78.002,39463481,450.991,0.572,154.754,269.328,33.602,4.36,10103.0918,45.6,47.7,-0.21278826
30-09-2017,2017,PCRX,PACIRA BIOSCIENCES INC,USA,USD,2017Q3,14.795,-7.597,1.468,-7.552,67.335,67.335,0.045,67.214,44101006,365.835,0.545,240.255,272.721,39.112,4.36,10103.0918,47.7,37.55,0.215712383
31-12-2017,2017,PCRX,PACIRA BIOSCIENCES INC,USA,USD,2017Q4,17.635,4.595,1.672,4.63,79.078,79.078,0.035,66.841,48216926,391.11,0.825,237.261,276.173,41.411,4.36,10103.0918,37.55,45.65,-0.317634173
31-03-2018,2018,PCRX,PACIRA BIOSCIENCES INC,USA,USD,2018Q1,20.123,-10.68,1.858,-10.645,74.607,74.607,0.035,78.692,61290645,418.734,0.759,203.303,279.685,40.043,3.9,10515.3232,45.65,31.15,0.028892456
30-06-2018,2018,PCRX,PACIRA BIOSCIENCES INC,USA,USD,2018Q2,18.068,2.564,1.684,2.599,84.107,84.107,0.035,74.555,59555862,455.054,0.692,187.627,283.258,42.053,3.9,10515.3232,31.15,32.05,0.533541342
30-09-2018,2018,PCRX,PACIRA BIOSCIENCES INC,USA,USD,2018Q3,15.561,-0.64,0.941,-0.702,83.449,83.449,-0.062,74.638,38229568,472.049,0.747,186.996,286.893,44.884,3.9,10515.3232,32.05,49.15,-0.124720244
31-12-2018,2018,PCRX,PACIRA BIOSCIENCES INC,USA,USD,2018Q4,19.928,8.285,1.815,8.323,95.114,95.114,0.038,78.748,31563124,477.969,0.657,211.384,290.592,48.569,3.9,10515.3232,49.15,43.02,-0.115295212
31-03-2019,2019,PCRX,PACIRA BIOSCIENCES INC,USA,USD,2019Q1,23.703,-2.771,2.217,-2.518,91.313,91.313,0.253,85.392,37312282,508.673,0.56,210.483,323.653,47.028,3.67,10921.0127,43.02,38.06,0.142669469
30-06-2019,2019,PCRX,PACIRA BIOSCIENCES INC,USA,USD,2019Q2,21.691,2.73,1.73,1.128,102.604,102.604,-1.602,88.643,36023151,394.609,42.39,393.234,337.226,52.697,3.67,10921.0127,38.06,43.49,-0.124626351
30-09-2019,2019,PCRX,PACIRA BIOSCIENCES INC,USA,USD,2019Q3,18.665,-6.087,3.115,-5.817,104.685,104.685,0.27,89.049,47285941,378.847,82.129,428.642,340.963,60.238,3.67,10921.0127,43.49,38.07,0.189913318
31-12-2019,2019,PCRX,PACIRA BIOSCIENCES INC,USA,USD,2019Q4,28.78,-4.888,1.058,-3.541,122.424,122.424,1.347,102.656,32745592,408.557,0.947,422.508,346.983,58.296,3.67,10921.0127,38.07,45.3,-0.2598234
31-03-2014,2013,RDY,DR REDDY'S LABORATORIES LTD,IND,USD,2014Q1,251.599,88.896,6.301,111.763,630.465,630.465,22.868,483.37,16469231,1729.117,109.15,1107.933,345.668,399.867,7.37,8522.126,44,43.9,-0.017084282
30-06-2014,2014,RDY,DR REDDY'S LABORATORIES LTD,IND,USD,2014Q2,222.726,91.642,16.5,116.7,585.664,585.664,25.058,449.766,23557244,1761.755,120.413,1127.755,319.747,421.562,6.17,8939.3965,43.9,43.15,0.217844728
30-09-2014,2014,RDY,DR REDDY'S LABORATORIES LTD,IND,USD,2014Q3,217.439,89.963,15.832,108.526,561.849,561.849,18.563,434.181,15874681,1734.092,125.695,1113.421,288.857,454.183,6.17,8939.3965,43.15,52.55,-0.039961941
31-12-2014,2014,RDY,DR REDDY'S LABORATORIES LTD,IND,USD,2014Q4,230.646,87.906,25.631,127.439,589.241,589.241,39.533,452.331,16182537,1771.891,94.956,1153.22,260.645,460.628,6.17,8939.3965,52.55,50.45,0.131813677
31-03-2015,2014,RDY,DR REDDY'S LABORATORIES LTD,IND,USD,2015Q1,270.145,86.435,4.403,99.317,641.499,641.499,12.882,504.823,20174637,1923.255,105.184,1202.439,229.61,409.71,6.17,8939.3965,50.45,57.1,-0.03117338
30-06-2015,2015,RDY,DR REDDY'S LABORATORIES LTD,IND,USD,2015Q2,212.36,98.396,12.108,125.444,590.942,590.942,27.048,435.838,14978926,1823.07,107.721,1340.949,190.014,411.212,5.28,9392.0664,57.1,55.32,0.15527838
30-09-2015,2015,RDY,DR REDDY'S LABORATORIES LTD,IND,USD,2015Q3,210.968,107.329,5.999,135.243,591.76,591.76,27.914,422.192,22196748,1774.458,113.664,1316.947,162.321,414.458,5.28,9392.0664,55.32,63.91,-0.275700203
31-12-2015,2015,RDY,DR REDDY'S LABORATORIES LTD,IND,USD,2015Q4,219.08,85.361,13.741,111.801,587.142,587.142,26.44,438.948,34114363,1802.795,96.314,1337.891,161.535,403.218,5.28,9392.0664,63.91,46.29,-0.023763232
31-03-2016,2015,RDY,DR REDDY'S LABORATORIES LTD,IND,USD,2016Q1,220.777,10.997,26.144,37.172,565.371,565.371,26.175,449.497,22408473,1806.611,91.472,1327.729,161.284,386.082,5.28,9392.0664,46.29,45.19,0.133657889
30-06-2016,2016,RDY,DR REDDY'S LABORATORIES LTD,IND,USD,2016Q2,185.617,18.708,12.339,25.285,475.811,475.811,6.577,419.923,21920908,1511.421,102.622,1384.817,160.673,413.598,4.87,9775,45.19,51.23,-0.093890299
30-09-2016,2016,RDY,DR REDDY'S LABORATORIES LTD,IND,USD,2016Q3,199.559,44.569,12.518,57.953,541.432,541.432,13.384,446.028,20897383,1504.311,105.587,1806.218,160.363,428.297,4.87,9775,51.23,46.42,-0.02455838
31-12-2016,2016,RDY,DR REDDY'S LABORATORIES LTD,IND,USD,2016Q4,201.985,67.966,6.563,85.549,522.053,522.053,17.583,399.759,18155044,1551.281,106.743,1793.654,84.173,442.462,4.87,9775,46.42,45.28,-0.113295053
31-03-2017,2016,RDY,DR REDDY'S LABORATORIES LTD,IND,USD,2017Q1,267.072,54.401,6.791,57.165,617.527,617.527,2.764,519.732,18865865,1547.803,101.203,1841.881,84.025,439.924,4.87,9775,45.28,40.15,0.049564134
30-06-2017,2017,RDY,DR REDDY'S LABORATORIES LTD,IND,USD,2017Q2,216.558,9.146,11.699,11.947,513.138,513.138,2.801,465.815,16028578,1547.617,102.584,1831.94,380.068,434.773,4.36,10103.0918,40.15,42.14,-0.153298529
30-09-2017,2017,RDY,DR REDDY'S LABORATORIES LTD,IND,USD,2017Q3,232.63,43.534,6.173,59.232,537.689,537.689,15.698,436.574,23631010,1577.458,98.361,1822.511,382.113,413.446,4.36,10103.0918,42.14,35.68,0.052690583
31-12-2017,2017,RDY,DR REDDY'S LABORATORIES LTD,IND,USD,2017Q4,244.828,53.602,22.689,94.777,620.472,620.472,41.175,491.924,18614358,1715.353,77.064,1824.613,383.222,420.257,4.36,10103.0918,35.68,37.56,-0.129659212
31-03-2018,2017,RDY,DR REDDY'S LABORATORIES LTD,IND,USD,2018Q1,211.467,44.325,21.443,54.302,507.397,507.397,9.977,428.709,18788189,1683.996,71.54,1780.971,385.333,446.767,4.36,10103.0918,37.56,32.69,-0.014989293
30-06-2018,2018,RDY,DR REDDY'S LABORATORIES LTD,IND,USD,2018Q2,216.048,66.603,10.762,73.116,543.326,543.326,6.513,434.564,33078383,1677.812,85.864,1693.671,381.088,459.957,3.9,10515.3232,32.69,32.2,0.074534161
30-09-2018,2018,RDY,DR REDDY'S LABORATORIES LTD,IND,USD,2018Q3,200.588,65.719,21.219,75.582,493.095,493.095,9.863,397.137,18148527,1593.677,92.786,1635.225,380.423,447.873,3.9,10515.3232,32.2,34.6,0.089595376
31-12-2018,2018,RDY,DR REDDY'S LABORATORIES LTD,IND,USD,2018Q4,248.642,75.304,9.614,89.689,596.96,596.96,14.385,471.125,17573371,1622.276,85.415,1634.502,354.88,487.221,3.9,10515.3232,34.6,37.7,0.074270557
31-03-2019,2018,RDY,DR REDDY'S LABORATORIES LTD,IND,USD,2019Q1,253.457,63.651,19.748,85.543,587.223,587.223,21.892,468.566,13365250,1652.647,73.813,1601.047,317.536,484.661,3.9,10515.3232,37.7,40.5,-0.074814815
30-06-2019,2019,RDY,DR REDDY'S LABORATORIES LTD,IND,USD,2019Q2,245.303,96.165,16.758,123.326,557.651,557.651,27.161,452.201,11069066,1676.686,80.278,1618.156,241.677,509.802,3.67,10921.0127,40.5,37.47,0.011208967
30-09-2019,2019,RDY,DR REDDY'S LABORATORIES LTD,IND,USD,2019Q3,254.706,152.283,10.729,105.462,665.891,665.891,-46.821,516.296,11915680,1699.701,152.242,1610.403,216.332,495.862,3.67,10921.0127,37.47,37.89,0.070994985
31-12-2019,2019,RDY,DR REDDY'S LABORATORIES LTD,IND,USD,2019Q4,256.372,-81.865,-221.988,-75.778,606.986,606.986,6.087,415.689,10305313,1647.479,170.222,1414.099,17.507,530.351,3.67,10921.0127,37.89,40.58,-0.00616067
